Date,Description,Account,Category,Type,Amount
2025-12-31,mc,ING - CC,Bar e Ristoranti,expense,-14.50
2025-12-30,interessi conto deposito ,ING - CD,Altre Entrate,income,26.40
2025-12-30,ghiaccio,Cash,Spesa,expense,-2.20
2025-12-30,verdure ,ING - CC,Spesa,expense,-14.00
2025-12-30,pac,ING - CC,Trasferimenti,expense,-100.00
2025-12-30,pac,Investimenti,Trasferimenti,income,100.00
2025-12-29,salmone capodanno,ING - CC,Spesa,expense,-19.97
2025-12-29,spesa ,ING - CC,Spesa,expense,-11.13
2025-12-29,garage,Cash,Auto e Moto,expense,-28.00
2025-12-29,aperol,ING - CC,Spesa,expense,-12.40
2025-12-28,pranzo laigue,ING - CC,Bar e Ristoranti,expense,-18.00
2025-12-28,benzina ,ING - CC,Viaggi e Trasporti,expense,-14.32
2025-12-28,roba casa,ING - CC,Shopping,expense,-18.17
2025-12-27,torino,Buddybank,Svago e Intrattenimento,expense,-41.00
2025-12-26,team building associazione,Cash,Svago e Intrattenimento,expense,-50.00
2025-12-26,paintball non giocato,Cash,Svago e Intrattenimento,income,40.00
2025-12-25,pranzo gianbi,ING - CC,Bar e Ristoranti,expense,-15.30
2025-12-25,versamento,Cash,Trasferimenti,expense,-200.00
2025-12-25,versamento,Buddybank,Trasferimenti,income,200.00
2025-12-24,regalo natale zii,Cash,Altre Entrate,income,250.00
2025-12-24,birra,ING - CC,Bar e Ristoranti,expense,-6.00
2025-12-23,bar,ING - CC,Bar e Ristoranti,expense,-4.43
2025-12-23,birre,ING - CC,Bar e Ristoranti,expense,-7.00
2025-12-23,gnochi fritti,ING - CC,Bar e Ristoranti,expense,-5.00
2025-12-23,pub,ING - CC,Bar e Ristoranti,expense,-17.00
2025-12-22,spostamento,ING - CC,Trasferimenti,income,47.00
2025-12-22,stipendio ,ING - CC,Stipendio,income,3554.00
2025-12-22,affitto febbraio 2026,ING - CC,Casa e Utenze,expense,-700.00
2025-12-22,risparmi e accantonamento multa,ING - CC,Trasferimenti,expense,-1250.00
2025-12-22,risparmi e multa borgio,ING - CD,Trasferimenti,income,1250.00
2025-12-22,busta regalo e fiocchi,ING - CC,Shopping,expense,-3.00
2025-12-22,macellaio ,Cash,Spesa,expense,-33.00
2025-12-22,spesa,Buoni Pasto,Spesa,expense,-32.00
2025-12-22,spesa,Cash,Spesa,expense,-3.74
2025-12-22,parcheggio,Cash,Viaggi e Trasporti,expense,-0.50
2025-12-22,spostamento,Buddybank,Trasferimenti,expense,-47.00
2025-12-22,soldi x spesa natale,Cash,Soldi da genitori,income,70.00
2025-12-21,bar,Satispay,Bar e Ristoranti,expense,-2.40
2025-12-21,regalo idiota ele ,ING - CC,Shopping,expense,-12.50
2025-12-21,benzina,ING - Carta di Credito,Viaggi e Trasporti,expense,-10.04
2025-12-21,replit,ING - Carta di Credito,Altro,expense,-52.39
2025-12-21,regalo natale papo,ING - Carta di Credito,Shopping,expense,-28.10
2025-12-21,cartoncini,Satispay,Shopping,expense,-2.40
2025-12-20,bar,ING - CC,Bar e Ristoranti,expense,-3.10
2025-12-20,cartoncini,Satispay,Shopping,expense,-2.40
2025-12-19,parrucchiere ,Satispay,Salute,expense,-25.00
2025-12-19,bar,Satispay,Bar e Ristoranti,expense,-3.70
2025-12-19,regalo natale mamma,ING - Carta di Credito,Shopping,expense,-58.45
2025-12-19,bigliettini natale,ING - CC,Shopping,expense,-3.60
2025-12-19,pranzo gianbi,Satispay,Bar e Ristoranti,expense,-11.30
2025-12-19,bar,ING - CC,Bar e Ristoranti,expense,-6.60
2025-12-19,regalo zio,ING - CC,Shopping,expense,-22.00
2025-12-19,birra ,ING - CC,Bar e Ristoranti,expense,-3.50
2025-12-19,fritto,ING - CC,Bar e Ristoranti,expense,-5.00
2025-12-19,birra,ING - CC,Bar e Ristoranti,expense,-3.50
2025-12-18,cartucce stampante ,ING - CC,Altro,expense,-15.00
2025-12-18,bla bla car,Paypal,Viaggi e Trasporti,income,24.00
2025-12-18,trasferimento da paypal,ING - CC,Trasferimenti,income,35.01
2025-12-18,trasferimento da paypal,Paypal,Trasferimenti,expense,-35.01
2025-12-18,regalo natale matilde,ING - Carta di Credito,Shopping,expense,-56.00
2025-12-18,regalo natale marti,ING - Carta di Credito,Shopping,expense,-18.85
2025-12-18,rimborso azure,Buddybank,Altro,income,38.33
2025-12-18,metro,ING - CC,Viaggi e Trasporti,expense,-4.10
2025-12-17,icloud,ING - CC,Casa e Utenze,expense,-0.99
2025-12-17,pranzo,Buoni Pasto,Bar e Ristoranti,expense,-16.00
2025-12-17,pranzo,ING - CC,Bar e Ristoranti,expense,-2.18
2025-12-16,spesa coop,Buoni Pasto,Spesa,expense,-8.00
2025-12-16,piatti,ING - Carta di Credito,Casa e Utenze,expense,-49.90
2025-12-15,bla bla car,Paypal,Viaggi e Trasporti,income,12.00
2025-12-14,pranzo,Buoni Pasto,Bar e Ristoranti,expense,-8.00
2025-12-14,pranzo,ING - CC,Bar e Ristoranti,expense,-2.44
2025-12-14,spostamento da paypal ,Paypal,Trasferimenti,expense,-48.00
2025-12-14,spostamento da paypal,ING - CC,Trasferimenti,income,48.00
2025-12-14,lacerba,ING - CC,Bar e Ristoranti,expense,-22.25
2025-12-14,metro,ING - CC,Viaggi e Trasporti,expense,-4.40
2025-12-14,metro,ING - CC,Viaggi e Trasporti,expense,-4.40
2025-12-14,ricarica satispay,Satispay,Trasferimenti,income,50.20
2025-12-14,ricarica satispay,ING - CC,Trasferimenti,expense,-50.20
2025-12-13,avvio conto cointestato x utenze,ING - CC,Casa e Utenze,expense,-50.00
2025-12-13,pranzo pizza ,ING - CC,Bar e Ristoranti,expense,-28.00
2025-12-13,brico,ING - CC,Casa e Utenze,expense,-22.70
2025-12-13,spesa,Buoni Pasto,Spesa,expense,-64.00
2025-12-12,bar,Satispay,Bar e Ristoranti,expense,-2.40
2025-12-12,benzina,ING - CC,Viaggi e Trasporti,expense,-43.94
2025-12-12,commissione agente immobiliare ,ING - CC,Casa e Utenze,expense,-1317.00
2025-12-12,iliad,ING - CC,Casa e Utenze,expense,-9.99
2025-12-12,commissione agente,ING - CD,Trasferimenti,expense,-1317.00
2025-12-12,commissione agente,ING - CC,Trasferimenti,income,1317.00
2025-12-12,ikea,ING - CC,Casa e Utenze,expense,-88.47
2025-12-12,spesa saponi etc,ING - CC,Spesa,expense,-20.47
2025-12-12,drink,ING - CC,Bar e Ristoranti,expense,-8.00
2025-12-12,metro,ING - CC,Viaggi e Trasporti,expense,-4.40
2025-12-11,cauzione viale suzzani 98,ING - CC,Trasferimenti,income,1800.00
2025-12-11,cauzione suzzani,ING - CD,Trasferimenti,expense,-1800.00
2025-12-11,versamento cauzione viale suzzani 98 - quota personale,ING - CC,Casa e Utenze,expense,-1800.00
2025-12-11,spesa,ING - CC,Spesa,expense,-4.78
2025-12-10,bar,Satispay,Bar e Ristoranti,expense,-2.40
2025-12-10,macellaio,ING - CC,Spesa,expense,-18.00
2025-12-10,prime,ING - CC,Casa e Utenze,expense,-4.99
2025-12-10,pranzo mancine porto,ING - CC,Bar e Ristoranti,expense,-20.50
2025-12-10,pranzo mancine porto,ING - CC,Bar e Ristoranti,expense,-20.50
2025-12-09,ricarica macchinette,Buoni Pasto,Bar e Ristoranti,expense,-8.00
2025-12-09,bla bla car,Paypal,Viaggi e Trasporti,income,24.00
2025-12-09,parcheggio ,ING - CC,Viaggi e Trasporti,expense,-2.00
2025-12-09,pranzo,Satispay,Bar e Ristoranti,expense,-10.00
2025-12-09,saldo carta di credito,ING - Carta di Credito,Trasferimenti,income,156.53
2025-12-09,saldo carta di credito,ING - CC,Trasferimenti,expense,-156.53
2025-12-08,bar,Satispay,Bar e Ristoranti,expense,-2.40
2025-12-08,benzina,ING - CC,Viaggi e Trasporti,expense,-38.40
2025-12-08,bla bla car,Paypal,Viaggi e Trasporti,income,12.00
2025-12-08,pranzo,Buoni Pasto,Bar e Ristoranti,expense,-8.00
2025-12-08,pranzo,ING - CC,Bar e Ristoranti,expense,-2.44
2025-12-08,negroni,ING - CC,Bar e Ristoranti,expense,-9.00
2025-12-08,metro,ING - CC,Viaggi e Trasporti,expense,-4.40
2025-12-08,metro,ING - CC,Viaggi e Trasporti,expense,-4.40
2025-12-08,anticipo azure associazione,Buddybank,Altro,expense,-38.33
2025-12-07,spesa,Buoni Pasto,Spesa,expense,-104.00
2025-12-06,focaccia ,Satispay,Bar e Ristoranti,expense,-7.20
2025-12-05,regalo laurea gigi,ING - CC,Altro,expense,-20.00
2025-12-05,bla bla car rosita,Paypal,Viaggi e Trasporti,income,12.00
2025-12-05,gastronomia,Buoni Pasto,Spesa,expense,-40.00
2025-12-04,bar,Satispay,Bar e Ristoranti,expense,-6.10
2025-12-04,macellaio,Cash,Spesa,expense,-8.40
2025-12-04,bar,Satispay,Bar e Ristoranti,expense,-6.10
2025-12-03,bar,Satispay,Bar e Ristoranti,expense,-2.40
2025-12-03,fornaio,Satispay,Spesa,expense,-7.50
2025-12-03,DA TROVARE,Cash,Altro,expense,-47.45
2025-12-03,regalo mamma compleanno,ING - CC,Altro,expense,-24.29
2025-12-03,pane,ING - CC,Spesa,expense,-3.54
2025-12-03,bresaola,Buoni Pasto,Spesa,expense,-8.00
2025-12-03,bresaola,Cash,Spesa,expense,-1.70
2025-12-03,Maggiorazione su tasso di cambio,ING - Carta di Credito,Altro,expense,-0.31
2025-12-03,"Operazione presso REPLIT, INC. FOSTER CITY Importo in divisa estera=18,30 USD Tasso di cambio USD/EUR=0,8628415",ING - Carta di Credito,Casa e Utenze,expense,-15.79
2025-12-02,bar,Satispay,Bar e Ristoranti,expense,-2.40
2025-12-02,farmacia ,ING - CC,Salute,expense,-21.80
2025-12-02,garage ,Cash,Auto e Moto,expense,-28.00
2025-12-02,rimborso parziale igiene orale metasalute,Buddybank,Salute,income,45.00
2025-12-02,affitto anticipato gennaio 2026,ING - CC,Casa e Utenze,expense,-675.00
2025-12-02,bar,Satispay,Bar e Ristoranti,expense,-2.40
2025-12-02,ricarica satispay,Satispay,Trasferimenti,income,49.51
2025-12-02,ricarica satispay,ING - CC,Trasferimenti,expense,-45.91
2025-12-02,pac,Investimenti,Trasferimenti,income,270.00
2025-12-02,pac,ING - CC,Trasferimenti,expense,-270.00
2025-12-01,prelievo,Cash,Trasferimenti,income,40.00
2025-12-01,prelievo,ING - CC,Trasferimenti,expense,-40.00
2025-12-01,parcheggio,ING - CC,Viaggi e Trasporti,expense,-10.00
2025-12-01,benzina,ING - CC,Viaggi e Trasporti,expense,-25.35
2025-11-30,caffè,ING - CC,Bar e Ristoranti,expense,-0.80
2025-11-30,accredito buoni pasto,Buoni Pasto,Altre Entrate,income,160.00
2025-11-30,Rata mensile pagamento rateale,ING - Carta di Credito,Shopping,expense,-34.55
2025-11-30,Rata mensile pagamento rateale,ING - Carta di Credito,Shopping,expense,-17.50
2025-11-30,Rata mensile pagamento rateale,ING - Carta di Credito,Shopping,expense,-19.99
2025-11-30,Rata mensile pagamento rateale,ING - Carta di Credito,Shopping,expense,-44.44
2025-11-30,Commissione mensile pagamento rateale,ING - Carta di Credito,Altro,expense,-2.07
2025-11-30,Commissione mensile pagamento rateale,ING - Carta di Credito,Altro,expense,-0.52
2025-11-30,Commissione mensile pagamento rateale,ING - Carta di Credito,Altro,expense,-0.59
2025-11-30,Commissione mensile pagamento rateale,ING - Carta di Credito,Altro,expense,-1.99
2025-11-29,bar,ING - CC,Casa e Utenze,expense,-12.60
2025-11-29,fuorimano merenda,ING - CC,Bar e Ristoranti,expense,-9.50
2025-11-28,google one,ING - CC,Casa e Utenze,expense,-2.99
2025-11-28,bus,ING - CC,Viaggi e Trasporti,expense,-2.20
2025-11-28,stipendio,ING - CC,Stipendio,income,1601.00
2025-11-28,pranzo,Buoni Pasto,Bar e Ristoranti,expense,-8.00
2025-11-28,pranzo,ING - CC,Bar e Ristoranti,expense,-5.60
2025-11-28,cooltra,ING - CC,Viaggi e Trasporti,expense,-4.51
2025-11-28,ape faina,ING - CC,Bar e Ristoranti,expense,-19.00
2025-11-28,metro,ING - CC,Bar e Ristoranti,expense,-2.20
2025-11-27,bar,Satispay,Bar e Ristoranti,expense,-2.40
2025-11-27,focaccia x colleghi,ING - CC,Spesa,expense,-14.50
2025-11-27,metro,ING - CC,Viaggi e Trasporti,expense,-2.20
2025-11-27,pranzo ,Buoni Pasto,Bar e Ristoranti,expense,-8.00
2025-11-27,pranzo ,ING - CC,Bar e Ristoranti,expense,-4.40
2025-11-26,panettiere ,Satispay,Spesa,expense,-9.90
2025-11-25,bar,Satispay,Bar e Ristoranti,expense,-3.70
2025-11-25,pile x tracker,ING - CC,Auto e Moto,expense,-9.40
2025-11-25,siga,ING - CC,Altro,expense,-9.50
2025-11-25,focaccia ,Satispay,Spesa,expense,-3.90
2025-11-24,bar,Satispay,Bar e Ristoranti,expense,-2.40
2025-11-24,bla bla car,ING - CC,Viaggi e Trasporti,expense,-12.39
2025-11-22,treno,ING - CC,Viaggi e Trasporti,expense,-23.50
2025-11-22,fire tv stick,ING - CC,Shopping,expense,-19.99
2025-11-21,birre,ING - CC,Bar e Ristoranti,expense,-8.00
2025-11-21,cena hamericas,ING - CC,Bar e Ristoranti,expense,-39.60
2025-11-20,bar,Satispay,Bar e Ristoranti,expense,-2.40
2025-11-20,pranzo,ING - CC,Bar e Ristoranti,expense,-5.90
2025-11-20,pranzo,Buoni Pasto,Bar e Ristoranti,expense,-8.00
2025-11-20,ape,ING - CC,Bar e Ristoranti,expense,-10.00
2025-11-20,Operazione presso ZALANDO PAYMENTS GMBH BERLIN,ING - Carta di Credito,Shopping,expense,-9.99
2025-11-18,icloud,ING - CC,Casa e Utenze,expense,-0.99
2025-11-18,bar,Satispay,Bar e Ristoranti,expense,-2.40
2025-11-17,metro,ING - CC,Viaggi e Trasporti,expense,-4.40
2025-11-17,pranzo,ING - CC,Bar e Ristoranti,expense,-11.43
2025-11-17,cavo ethernet,ING - CC,Shopping,expense,-7.99
2025-11-16,bar,Satispay,Bar e Ristoranti,expense,-9.11
2025-11-16,Operazione presso Microsoft-G123480288 msbill.info - anticipato per associazione da rimborsare,ING - Carta di Credito,Altro,expense,-24.89
2025-11-15,salmone,ING - CC,Spesa,expense,-14.50
2025-11-15,caffè ,Satispay,Bar e Ristoranti,expense,-2.40
2025-11-15,bla bla car,ING - CC,Viaggi e Trasporti,expense,-14.89
2025-11-15,spesa,ING - CC,Spesa,expense,-12.47
2025-11-14,igiene dentale,ING - CC,Salute,expense,-102.00
2025-11-14,spesa,ING - CC,Spesa,expense,-9.00
2025-11-12,of,ING - CC,Casa e Utenze,expense,-3.70
2025-11-12,bar,Satispay,Bar e Ristoranti,expense,-2.40
2025-11-12,iliad,ING - CC,Casa e Utenze,expense,-9.99
2025-11-12,unipolmove,ING - CC,Viaggi e Trasporti,expense,-131.50
2025-11-12,openrouter crediti,ING - CC,Casa e Utenze,expense,-10.00
2025-11-12,github copilot,ING - CC,Casa e Utenze,expense,-14.00
2025-11-11,bar,Satispay,Bar e Ristoranti,expense,-2.40
2025-11-11,pranzo,ING - CC,Bar e Ristoranti,expense,-3.90
2025-11-11,pranzo,Buoni Pasto,Bar e Ristoranti,expense,-8.00
2025-11-11,metro,ING - CC,Viaggi e Trasporti,expense,-2.20
2025-11-11,metro,ING - CC,Viaggi e Trasporti,expense,-2.20
2025-11-11,backblaze,ING - CC,Casa e Utenze,expense,-1.79
2025-11-10,saldo carta di credito,ING - Carta di Credito,Trasferimenti,income,107.81
2025-11-10,saldo carta di credito,ING - CC,Trasferimenti,expense,-107.81
2025-11-10,bar,Satispay,Bar e Ristoranti,expense,-2.40
2025-11-10,ricarica satispay,ING - CC,Trasferimenti,expense,-47.95
2025-11-10,ricarica satispay ,Satispay,Trasferimenti,income,47.95
2025-11-10,prime,ING - CC,Casa e Utenze,expense,-4.99
2025-11-09,bla bla car,ING - CC,Viaggi e Trasporti,expense,-14.89
2025-11-09,bla bla car,ING - CC,Viaggi e Trasporti,expense,-14.89
2025-11-09,spesa esselunga albenga,Buoni Pasto,Spesa,expense,-56.00
2025-11-08,birra,ING - CC,Bar e Ristoranti,expense,-9.00
2025-11-08,birra,Cash,Bar e Ristoranti,expense,-2.00
2025-11-08,parrucchiere,ING - CC,Salute,expense,-25.00
2025-11-08,cursor,ING - CC,Casa e Utenze,expense,-18.08
2025-11-07,sketchup mamma,Allianz,Altro,income,65.00
2025-11-06,bar,Satispay,Bar e Ristoranti,expense,-3.70
2025-11-06,fornaio,Satispay,Spesa,expense,-9.60
2025-11-06,regalo gianluca meroni,ING - CC,Altro,expense,-10.00
2025-11-06,sketchup mamma,Allianz,Altro,expense,-62.36
2025-11-06,sketchup mamma,Paypal,Altro,expense,-2.30
2025-11-05,bar,Satispay,Bar e Ristoranti,expense,-2.40
2025-11-04,treno,Paypal,Viaggi e Trasporti,expense,-4.00
2025-11-04,ricarica macchinette,Buoni Pasto,Bar e Ristoranti,expense,-8.00
2025-11-04,pranzo centevot,Satispay,Bar e Ristoranti,expense,-13.50
2025-11-04,metro,ING - CC,Viaggi e Trasporti,expense,-7.60
2025-11-04,ricarica scuter,ING - CC,Viaggi e Trasporti,expense,-0.50
2025-11-03,pranzo,ING - CC,Bar e Ristoranti,expense,-6.60
2025-11-03,pranzo,Buoni Pasto,Bar e Ristoranti,expense,-8.00
2025-11-03,metro,ING - CC,Viaggi e Trasporti,expense,-4.40
2025-11-02,bar,ING - CC,Bar e Ristoranti,expense,-3.70
2025-11-02,cursor,ING - CC,Casa e Utenze,expense,-17.36
2025-11-01,metro,ING - CC,Viaggi e Trasporti,expense,-2.20
2025-10-31,ricarica buoni pasto,Buoni Pasto,Altre Entrate,income,160.00
2025-10-31,stipendio,ING - CC,Stipendio,income,1809.00
2025-10-31,risparmi,ING - CC,Trasferimenti,expense,-500.00
2025-10-31,risparmi,ING - CD,Trasferimenti,income,500.00
2025-10-31,pac,ING - CC,Trasferimenti,expense,-270.00
2025-10-31,pac,Investimenti,Trasferimenti,income,270.00
2025-10-31,acquisto domini tommasominuto.it e tommasominuto.com,ING - CC,Altro,expense,-4.76
2025-10-31,cena ramen,ING - CC,Bar e Ristoranti,expense,-47.00
2025-10-31,Rata mensile pagamento rateale,ING - Carta di Credito,Shopping,expense,-17.50
2025-10-31,Rata mensile pagamento rateale,ING - Carta di Credito,Shopping,expense,-20.00
2025-10-31,Rata mensile pagamento rateale,ING - Carta di Credito,Shopping,expense,-17.85
2025-10-31,Rata mensile pagamento rateale,ING - Carta di Credito,Shopping,expense,-44.44
2025-10-31,Commissione mensile pagamento rateale,ING - Carta di Credito,Altro,expense,-0.52
2025-10-31,Commissione mensile pagamento rateale,ING - Carta di Credito,Altro,expense,-0.59
2025-10-31,Commissione mensile pagamento rateale,ING - Carta di Credito,Altro,expense,-0.53
2025-10-31,Commissione mensile pagamento rateale,ING - Carta di Credito,Altro,expense,-1.99
2025-10-30,bar,Satispay,Bar e Ristoranti,expense,-2.40
2025-10-29,bla bla car,ING - CC,Viaggi e Trasporti,expense,-16.19
2025-10-28,spesa,Buoni Pasto,Spesa,expense,-32.00
2025-10-28,bar,Satispay,Bar e Ristoranti,expense,-2.40
2025-10-28,prelievo,Cash,Trasferimenti,income,40.00
2025-10-28,prelievo,ING - CC,Trasferimenti,expense,-40.00
2025-10-28,bus,ING - CC,Viaggi e Trasporti,expense,-1.30
2025-10-28,garage,Cash,Auto e Moto,expense,-28.00
2025-10-28,Maggiorazione su tasso di cambio,ING - Carta di Credito,Shopping,expense,-0.08
2025-10-28,"Operazione presso RAILWAY SAN FRANCISCO Importo in divisa estera=5,00 USD Tasso di cambio USD/EUR=0,862",ING - Carta di Credito,Casa e Utenze,expense,-4.31
2025-10-27,bar,Satispay,Bar e Ristoranti,expense,-2.40
2025-10-27,google one,ING - CC,Casa e Utenze,expense,-2.99
2025-10-27,ghironda,ING - CC,Bar e Ristoranti,expense,-22.50
2025-10-26,tossini,ING - CC,Spesa,expense,-12.88
2025-10-26,tossini,ING - CC,Spesa,expense,-5.72
2025-10-26,parcheggio camogli,ING - CC,Viaggi e Trasporti,expense,-5.00
2025-10-26,starbucks,ING - CC,Bar e Ristoranti,expense,-6.80
2025-10-26,metro ge,ING - CC,Viaggi e Trasporti,expense,-2.00
2025-10-26,spesa,Buoni Pasto,Spesa,expense,-16.00
2025-10-26,spesa,ING - CC,Spesa,expense,-1.52
2025-10-25,burger king spuntino,ING - CC,Bar e Ristoranti,expense,-4.00
2025-10-25,spesa,ING - CC,Spesa,expense,-22.81
2025-10-25,spesa coop,Buoni Pasto,Spesa,expense,-16.00
2025-10-24,borraccia,ING - CC,Shopping,expense,-5.99
2025-10-24,birre,Cash,Bar e Ristoranti,expense,-10.00
2025-10-23,pranzo,Cash,Bar e Ristoranti,expense,-20.00
2025-10-23,pranzo,Satispay,Bar e Ristoranti,income,10.00
2025-10-23,metro,ING - CC,Viaggi e Trasporti,expense,-6.60
2025-10-23,nhero,ING - CC,Bar e Ristoranti,expense,-41.00
2025-10-22,bar,Satispay,Bar e Ristoranti,expense,-2.40
2025-10-22,pranzo,Buoni Pasto,Bar e Ristoranti,expense,-16.00
2025-10-22,metro,ING - CC,Viaggi e Trasporti,expense,-4.40
2025-10-22,metro,ING - CC,Viaggi e Trasporti,expense,-4.40
2025-10-21,bar,Satispay,Bar e Ristoranti,expense,-2.40
2025-10-20,rimborso mamma muji,Cash,Shopping,income,35.00
2025-10-20,bar,Satispay,Bar e Ristoranti,expense,-2.40
2025-10-19,bla bla car,ING - CC,Viaggi e Trasporti,expense,-12.39
2025-10-19,colaz bar,ING - CC,Bar e Ristoranti,expense,-10.00
2025-10-19,cooltra,ING - CC,Viaggi e Trasporti,expense,-5.29
2025-10-19,pizza berberè ,ING - CC,Bar e Ristoranti,expense,-15.00
2025-10-19,muji x mamma,ING - CC,Shopping,expense,-34.55
2025-10-19,metro,ING - CC,Viaggi e Trasporti,expense,-4.40
2025-10-19,metro,ING - CC,Viaggi e Trasporti,expense,-2.20
2025-10-18,icloud,Paypal,Casa e Utenze,expense,-0.99
2025-10-18,telecomando garage,ING - CC,Auto e Moto,expense,-20.00
2025-10-18,bar,Satispay,Bar e Ristoranti,expense,-2.40
2025-10-18,benzina,ING - CC,Viaggi e Trasporti,expense,-28.49
2025-10-18,mc,ING - CC,Bar e Ristoranti,expense,-19.86
2025-10-17,bar,Satispay,Bar e Ristoranti,expense,-2.40
2025-10-16,bar,Satispay,Bar e Ristoranti,expense,-2.40
2025-10-16,tabacchi,ING - CC,Altro,expense,-8.70
2025-10-16,fornaio,Satispay,Bar e Ristoranti,expense,-4.75
2025-10-15,bar,Satispay,Bar e Ristoranti,expense,-2.40
2025-10-14,lime,Paypal,Viaggi e Trasporti,expense,-3.99
2025-10-14,pranzo,Buoni Pasto,Bar e Ristoranti,expense,-8.00
2025-10-14,metro,ING - CC,Viaggi e Trasporti,expense,-2.20
2025-10-14,pranzo,ING - CC,Bar e Ristoranti,expense,-2.00
2025-10-13,bla bla car,ING - CC,Viaggi e Trasporti,expense,-14.89
2025-10-13,pranzo,Buoni Pasto,Bar e Ristoranti,expense,-8.00
2025-10-13,pranzo,ING - CC,Bar e Ristoranti,expense,-5.00
2025-10-13,ricarica satispay,ING - CC,Trasferimenti,expense,-45.10
2025-10-13,ricarica satispay,Satispay,Trasferimenti,income,45.10
2025-10-12,colaz,Satispay,Bar e Ristoranti,expense,-12.60
2025-10-12,birre,ING - CC,Bar e Ristoranti,expense,-10.00
2025-10-12,bar,Satispay,Bar e Ristoranti,expense,-6.10
2025-10-12,github copilot,Paypal,Casa e Utenze,expense,-11.22
2025-10-12,boutique cena,ING - CC,Bar e Ristoranti,expense,-45.00
2025-10-12,iliad,ING - CC,Casa e Utenze,expense,-9.99
2025-10-11,caffè ,ING - CC,Bar e Ristoranti,expense,-4.50
2025-10-11,birre laigue,ING - CC,Bar e Ristoranti,expense,-15.00
2025-10-11,backblaze,ING - CC,Casa e Utenze,expense,-1.77
2025-10-11,unipolmove,ING - CC,Viaggi e Trasporti,expense,-67.40
2025-10-11,ape,Paypal,Bar e Ristoranti,expense,-7.00
2025-10-10,saldo carta di credito,ING - Carta di Credito,Trasferimenti,income,135.81
2025-10-10,saldo carta di credito,ING - CC,Trasferimenti,expense,-135.81
2025-10-10,bar,Satispay,Bar e Ristoranti,expense,-6.20
2025-10-10,prime,ING - CC,Casa e Utenze,expense,-4.99
2025-10-10,spesa,ING - CC,Spesa,expense,-5.30
2025-10-10,cinese delivery,ING - CC,Bar e Ristoranti,expense,-28.80
2025-10-09,bar,Satispay,Bar e Ristoranti,expense,-2.40
2025-10-08,bar,Satispay,Bar e Ristoranti,expense,-3.70
2025-10-08,benzina,ING - CC,Viaggi e Trasporti,expense,-20.00
2025-10-07,bar,Satispay,Bar e Ristoranti,expense,-3.20
2025-10-07,spesa,ING - CC,Spesa,expense,-6.59
2025-10-07,benzina,ING - CC,Viaggi e Trasporti,expense,-10.08
2025-10-07,birra,Paypal,Bar e Ristoranti,expense,-6.00
2025-10-06,pranzo,Buoni Pasto,Bar e Ristoranti,expense,-8.00
2025-10-06,parcheggio,ING - CC,Viaggi e Trasporti,expense,-4.00
2025-10-06,pranzo,ING - CC,Bar e Ristoranti,expense,-2.00
2025-10-06,siga,ING - CC,Altro,expense,-6.80
2025-10-06,metro,ING - CC,Viaggi e Trasporti,expense,-2.20
2025-10-06,parcheggio ,ING - CC,Viaggi e Trasporti,expense,-4.00
2025-10-06,openai api,ING - CC,Altro,expense,-5.53
2025-10-05,ricarica macchinette,Buoni Pasto,Bar e Ristoranti,expense,-8.00
2025-10-05,zabaione ,Cash,Bar e Ristoranti,expense,-3.50
2025-10-05,caffè ,ING - CC,Bar e Ristoranti,expense,-3.10
2025-10-04,bar,Cash,Bar e Ristoranti,expense,-4.00
2025-10-04,benzina,ING - CC,Viaggi e Trasporti,expense,-46.59
2025-10-04,cena oulx,ING - CC,Bar e Ristoranti,expense,-64.50
2025-10-03,bla bla car,Paypal,Viaggi e Trasporti,income,12.00
2025-10-02,bar,Satispay,Bar e Ristoranti,expense,-2.40
2025-10-02,merenda,Cash,Bar e Ristoranti,expense,-2.00
2025-10-02,pranzo,ING - CC,Bar e Ristoranti,expense,-12.24
2025-10-02,metro ,ING - CC,Viaggi e Trasporti,expense,-6.60
2025-10-02,burger king,ING - CC,Bar e Ristoranti,expense,-20.90
2025-10-02,pac,Investimenti,Trasferimenti,income,270.00
2025-10-02,pac,ING - CC,Trasferimenti,expense,-270.00
2025-10-01,macellaio,ING - CC,Spesa,expense,-16.10
2025-09-30,ricarica buoni pasto,Buoni Pasto,Altre Entrate,income,72.00
2025-09-30,stipendio,ING - CC,Stipendio,income,1585.00
2025-09-30,risparmi,ING - CC,Trasferimenti,expense,-100.00
2025-09-30,risparmi,ING - CD,Trasferimenti,income,100.00
2025-09-30,caffè ,Satispay,Bar e Ristoranti,expense,-3.70
2025-09-30,prelievo,ING - CC,Trasferimenti,expense,-40.00
2025-09-30,prelievo,Cash,Trasferimenti,income,40.00
2025-09-30,garage,Cash,Auto e Moto,expense,-28.00
2025-09-30,benzina,ING - CC,Viaggi e Trasporti,expense,-43.32
2025-09-30,pizza,ING - CC,Bar e Ristoranti,expense,-22.00
2025-09-30,Rata mensile pagamento rateale,ING - Carta di Credito,Shopping,expense,-17.50
2025-09-30,Rata mensile pagamento rateale,ING - Carta di Credito,Shopping,expense,-20.00
2025-09-30,Rata mensile pagamento rateale,ING - Carta di Credito,Shopping,expense,-17.88
2025-09-30,Rata mensile pagamento rateale,ING - Carta di Credito,Shopping,expense,-44.44
2025-09-30,Commissione mensile pagamento rateale,ING - Carta di Credito,Altro,expense,-0.52
2025-09-30,Commissione mensile pagamento rateale,ING - Carta di Credito,Altro,expense,-0.59
2025-09-30,Commissione mensile pagamento rateale,ING - Carta di Credito,Altro,expense,-0.53
2025-09-30,Commissione mensile pagamento rateale,ING - Carta di Credito,Altro,expense,-1.99
2025-09-29,caffè ,Satispay,Bar e Ristoranti,expense,-2.40
2025-09-29,cochina,ING - CC,Spesa,expense,-1.95
2025-09-29,ricarica satispay,ING - CC,Trasferimenti,expense,-47.02
2025-09-29,ricarica satispay,Satispay,Trasferimenti,income,47.02
2025-09-28,pizza e focaccia,Satispay,Bar e Ristoranti,expense,-11.62
2025-09-28,caffè e acqua,ING - CC,Bar e Ristoranti,expense,-3.00
2025-09-28,Operazione presso FUORITUTTI FOOD & BEER SAVONA,ING - Carta di Credito,Shopping,expense,-18.00
2025-09-28,Operazione presso AMAZON* V229W98Q5 LUXEMBOURG,ING - Carta di Credito,Shopping,expense,-9.99
2025-09-28,Maggiorazione su tasso di cambio,ING - Carta di Credito,Shopping,expense,-0.08
2025-09-28,"Operazione presso RAILWAY SAN FRANCISCO Importo in divisa estera=5,00 USD Tasso di cambio USD/EUR=0,858",ING - Carta di Credito,Casa e Utenze,expense,-4.29
2025-09-27,bar,Satispay,Bar e Ristoranti,expense,-2.40
2025-09-27,miele di betta,Revolut,Shopping,expense,-11.00
2025-09-27,ape,ING - CC,Bar e Ristoranti,expense,-7.00
2025-09-27,google one,ING - CC,Casa e Utenze,expense,-2.99
2025-09-27,bla bla car,ING - CC,Viaggi e Trasporti,income,12.39
2025-09-27,DA TROVARE,Revolut,Altro,expense,-1.55
2025-09-26,pranzo,Buoni Pasto,Bar e Ristoranti,expense,-8.00
2025-09-26,pranzo,ING - CC,Bar e Ristoranti,expense,-2.00
2025-09-26,metro,ING - CC,Viaggi e Trasporti,expense,-2.20
2025-09-26,spesa,ING - CC,Spesa,expense,-15.91
2025-09-25,metro,ING - CC,Viaggi e Trasporti,expense,-2.20
2025-09-25,pranzo,Buoni Pasto,Bar e Ristoranti,expense,-16.00
2025-09-25,pranzo,ING - CC,Bar e Ristoranti,expense,-2.90
2025-09-25,zity,ING - CC,Viaggi e Trasporti,expense,-13.34
2025-09-25,metro,ING - CC,Viaggi e Trasporti,expense,-2.20
2025-09-24,bar,Satispay,Bar e Ristoranti,expense,-3.70
2025-09-24,fornaio ,Satispay,Spesa,expense,-5.30
2025-09-24,bla bla car,ING - CC,Viaggi e Trasporti,expense,-14.89
2025-09-23,bla bla car,ING - CC,Viaggi e Trasporti,expense,-12.39
2025-09-23,bla bla car,ING - CC,Viaggi e Trasporti,expense,-14.89
2025-09-22,bar,Satispay,Bar e Ristoranti,expense,-2.40
2025-09-22,crediti ai,ING - CC,Altro,expense,-4.95
2025-09-21,cinese sarpi,ING - CC,Bar e Ristoranti,expense,-9.00
2025-09-21,cochine,ING - CC,Bar e Ristoranti,expense,-6.00
2025-09-20,colaz bar bicocca,ING - CC,Bar e Ristoranti,expense,-11.30
2025-09-20,siga ,ING - CC,Altro,expense,-6.20
2025-09-20,giannasi,ING - CC,Bar e Ristoranti,expense,-23.45
2025-09-19,pranzo,Buoni Pasto,Bar e Ristoranti,expense,-8.00
2025-09-19,pranzo ,ING - CC,Bar e Ristoranti,expense,-4.50
2025-09-19,radler,ING - CC,Bar e Ristoranti,expense,-12.00
2025-09-18,icloud,ING - CC,Casa e Utenze,expense,-0.99
2025-09-18,bar,Satispay,Bar e Ristoranti,expense,-2.40
2025-09-18,metro,ING - CC,Viaggi e Trasporti,expense,-2.20
2025-09-18,pranzo,Buoni Pasto,Bar e Ristoranti,expense,-8.00
2025-09-18,pranzo,ING - CC,Bar e Ristoranti,expense,-2.26
2025-09-18,ricarica macchinette,ING - CC,Bar e Ristoranti,expense,-5.00
2025-09-18,bus,ING - CC,Viaggi e Trasporti,expense,-2.20
2025-09-18,birre,Satispay,Bar e Ristoranti,expense,-12.00
2025-09-17,bar,Satispay,Bar e Ristoranti,expense,-2.40
2025-09-16,bla bla car,ING - CC,Viaggi e Trasporti,expense,-14.89
2025-09-16,ricarica satispay ,ING - CC,Trasferimenti,expense,-33.00
2025-09-16,ricarica satispay ,Satispay,Trasferimenti,income,33.00
2025-09-14,birre,ING - CC,Bar e Ristoranti,expense,-10.00
2025-09-14,colaz berge,Satispay,Bar e Ristoranti,expense,-7.10
2025-09-14,cochine,Satispay,Bar e Ristoranti,expense,-7.00
2025-09-14,benzina,ING - CC,Viaggi e Trasporti,expense,-15.31
2025-09-14,bla bla car,ING - CC,Viaggi e Trasporti,expense,-12.39
2025-09-13,backblaze,ING - CC,Casa e Utenze,expense,-1.81
2025-09-13,rotondo,ING - CC,Bar e Ristoranti,expense,-13.50
2025-09-13,mc,ING - CC,Bar e Ristoranti,expense,-10.10
2025-09-13,regalo pa,ING - CC,Altro,expense,-24.00
2025-09-13,spesa ,Buoni Pasto,Spesa,expense,-8.00
2025-09-12,bar,Satispay,Bar e Ristoranti,expense,-6.10
2025-09-12,iliad,ING - CC,Casa e Utenze,expense,-9.99
2025-09-12,github copilot ,Allianz,Casa e Utenze,expense,-12.61
2025-09-12,cena boutique della birra,ING - CC,Bar e Ristoranti,expense,-43.00
2025-09-12,farmacia,ING - CC,Salute,expense,-2.00
2025-09-10,saldo carta di credito,ING - Carta di Credito,Trasferimenti,income,103.45
2025-09-10,saldo carta di credito,ING - CC,Trasferimenti,expense,-103.45
2025-09-10,bla bla car,Paypal,Viaggi e Trasporti,income,36.00
2025-09-10,trasferimento ,Paypal,Trasferimenti,expense,-89.31
2025-09-10,trasferimento ,ING - CC,Trasferimenti,income,89.31
2025-09-10,prime,ING - CC,Viaggi e Trasporti,expense,-4.99
2025-09-10,directa rubricazione,ING - CD,Trasferimenti,expense,-50.00
2025-09-10,directa rubricazione,ING - CC,Trasferimenti,income,50.00
2025-09-10,directa rubricazione,ING - CC,Trasferimenti,expense,-50.00
2025-09-10,directa rubricazione,Investimenti,Trasferimenti,income,50.00
2025-09-09,bar,Satispay,Bar e Ristoranti,expense,-2.40
2025-09-09,bla bla car,Paypal,Viaggi e Trasporti,income,12.00
2025-09-09,cochine,Satispay,Bar e Ristoranti,expense,-8.00
2025-09-09,metro,ING - CC,Viaggi e Trasporti,expense,-6.60
2025-09-09,benzina,ING - CC,Viaggi e Trasporti,expense,-28.34
2025-09-09,pranzo,ING - CC,Bar e Ristoranti,expense,-12.24
2025-09-09,parcheggio ,ING - CC,Viaggi e Trasporti,expense,-2.50
2025-09-09,donazione wfp gaza,ING - CC,Viaggi e Trasporti,expense,-10.20
2025-09-09,parrucchiere,ING - CC,Salute,expense,-25.00
2025-09-09,unipolmove,ING - CC,Viaggi e Trasporti,expense,-102.10
2025-09-08,ricarica satispay,Satispay,Trasferimenti,income,49.80
2025-09-08,bar,Satispay,Bar e Ristoranti,expense,-2.40
2025-09-08,http catcher,Paypal,Shopping,expense,-3.99
2025-09-08,ricarica satispay ,ING - CC,Trasferimenti,expense,-49.80
2025-09-07,cibo gatto,ING - CC,Spesa,expense,-6.04
2025-09-06,colaz bar,Satispay,Bar e Ristoranti,expense,-5.20
2025-09-06,pasta fresca ,Satispay,Spesa,expense,-3.70
2025-09-06,pizza da paro,Paypal,Bar e Ristoranti,expense,-10.00
2025-09-06,birre,ING - CC,Bar e Ristoranti,expense,-12.00
2025-09-06,spesa x ape da pie,ING - CC,Spesa,expense,-10.64
2025-09-06,parrucchiere,ING - CC,Salute,expense,-25.00
2025-09-05,investimento wayla,ING - CD,Trasferimenti,expense,-250.00
2025-09-05,investimento wayla,Investimenti,Trasferimenti,income,250.00
2025-09-05,investimento wayla,ING - CC,Trasferimenti,expense,-250.00
2025-09-05,investimento wayla,ING - CC,Trasferimenti,income,250.00
2025-09-05,cena drop,ING - CC,Bar e Ristoranti,expense,-19.10
2025-09-04,farmacia,ING - CC,Salute,expense,-20.00
2025-09-03,spesa,Buoni Pasto,Spesa,expense,-40.00
2025-09-03,bar,Satispay,Bar e Ristoranti,expense,-2.40
2025-09-03,anthropic,ING - CC,Altro,expense,-0.57
2025-09-02,pranzo ,Cash,Bar e Ristoranti,expense,-2.00
2025-09-02,pranzo,Buoni Pasto,Bar e Ristoranti,expense,-16.00
2025-09-02,benzina,ING - CC,Viaggi e Trasporti,expense,-34.17
2025-09-02,benzina,ING - CC,Viaggi e Trasporti,expense,-21.03
2025-09-02,bar bianca,ING - CC,Bar e Ristoranti,expense,-8.60
2025-09-01,colaz bar bianca ,Satispay,Bar e Ristoranti,expense,-11.60
2025-09-01,bla bla car,Paypal,Viaggi e Trasporti,income,24.00
2025-09-01,cavo iphone e libro supabase,ING - CC,Shopping,expense,-37.98
2025-09-01,pac,Investimenti,Trasferimenti,income,270.00
2025-09-01,pac,ING - CC,Trasferimenti,expense,-270.00
2025-08-31,gelato,Satispay,Bar e Ristoranti,expense,-3.00
2025-08-31,Rata mensile pagamento rateale,ING - Carta di Credito,Shopping,expense,-17.50
2025-08-31,Rata mensile pagamento rateale,ING - Carta di Credito,Shopping,expense,-20.00
2025-08-31,Rata mensile pagamento rateale,ING - Carta di Credito,Shopping,expense,-17.88
2025-08-31,Rata mensile pagamento rateale,ING - Carta di Credito,Shopping,expense,-44.44
2025-08-31,Commissione mensile pagamento rateale,ING - Carta di Credito,Altro,expense,-0.52
2025-08-31,Commissione mensile pagamento rateale,ING - Carta di Credito,Altro,expense,-0.59
2025-08-31,Commissione mensile pagamento rateale,ING - Carta di Credito,Altro,expense,-0.53
2025-08-31,Commissione mensile pagamento rateale,ING - Carta di Credito,Altro,expense,-1.99
2025-08-30,colaz scaletto,ING - CC,Bar e Ristoranti,expense,-9.00
2025-08-30,pizza,ING - CC,Bar e Ristoranti,expense,-9.58
2025-08-30,google one,ING - CC,Casa e Utenze,expense,-2.99
2025-08-29,bla bla car,Paypal,Viaggi e Trasporti,income,12.00
2025-08-29,bar,Satispay,Bar e Ristoranti,expense,-6.50
2025-08-29,stipendio,ING - CC,Stipendio,income,1594.00
2025-08-29,trasferimento ,ING - CC,Trasferimenti,expense,-500.00
2025-08-29,trasferimento ,ING - CD,Trasferimenti,income,500.00
2025-08-29,prelievo,ING - CC,Trasferimenti,expense,-40.00
2025-08-29,prelievo,Cash,Trasferimenti,income,40.00
2025-08-29,garage,Cash,Auto e Moto,expense,-28.00
2025-08-29,spesa,Buoni Pasto,Spesa,expense,-16.00
2025-08-29,spesa,ING - CC,Spesa,expense,-5.42
2025-08-28,bla bla car,Paypal,Viaggi e Trasporti,income,18.00
2025-08-28,pranzo,Revolut,Bar e Ristoranti,expense,-3.23
2025-08-28,pranzo ,Buoni Pasto,Bar e Ristoranti,expense,-8.00
2025-08-28,gelato,Satispay,Bar e Ristoranti,expense,-3.50
2025-08-28,benzina,ING - CC,Viaggi e Trasporti,expense,-20.05
2025-08-27,bar,Satispay,Bar e Ristoranti,expense,-2.40
2025-08-27,trasferimento ,ING - CD,Trasferimenti,expense,-100.00
2025-08-27,benzina,ING - CC,Viaggi e Trasporti,expense,-29.46
2025-08-27,trasferimento ,ING - CC,Trasferimenti,income,100.00
2025-08-27,ape citylife,ING - CC,Bar e Ristoranti,expense,-10.00
2025-08-27,birra,ING - CC,Bar e Ristoranti,expense,-9.00
2025-08-27,ricarica buoni pasto,Buoni Pasto,Altre Entrate,income,168.00
2025-08-26,bar,Satispay,Bar e Ristoranti,expense,-2.40
2025-08-26,dominio scadenzeauto.it,ING - CC,Altro,expense,-4.88
2025-08-25,bar,Satispay,Bar e Ristoranti,expense,-2.40
2025-08-25,spesa ,Revolut,Spesa,expense,-5.83
2025-08-25,fermenti lattici ,ING - CC,Salute,expense,-29.90
2025-08-25,ricarica satispay ,ING - CC,Trasferimenti,expense,-30.90
2025-08-25,ricarica satispay,Satispay,Trasferimenti,income,30.90
2025-08-25,crediti anthropic,ING - CC,Altro,expense,-5.28
2025-08-25,bar,Satispay,Bar e Ristoranti,expense,-2.40
2025-08-24,fornaio,ING - CC,Spesa,expense,-6.50
2025-08-23,colaz bar,Satispay,Bar e Ristoranti,expense,-5.80
2025-08-23,benzina,ING - CC,Viaggi e Trasporti,expense,-17.26
2025-08-23,pranzo noli,ING - CC,Bar e Ristoranti,expense,-9.75
2025-08-23,cena faiallo,ING - CC,Bar e Ristoranti,expense,-26.50
2025-08-22,caffè ,Satispay,Bar e Ristoranti,expense,-2.40
2025-08-22,cena porto,ING - CC,Bar e Ristoranti,expense,-17.50
2025-08-21,regalo regi,Revolut,Altro,expense,-9.60
2025-08-21,trasferimento ,ING - CD,Trasferimenti,expense,-200.00
2025-08-21,spesa,Revolut,Spesa,expense,-10.50
2025-08-21,panino campo smith,Revolut,Bar e Ristoranti,expense,-9.50
2025-08-21,frappé,Satispay,Bar e Ristoranti,expense,-3.00
2025-08-21,amaro,Revolut,Bar e Ristoranti,expense,-4.00
2025-08-21,trasferimento ,ING - CC,Trasferimenti,income,200.00
2025-08-21,benzina,ING - CC,Viaggi e Trasporti,expense,-30.81
2025-08-21,regalo regi,Paypal,Altro,income,1.30
2025-08-20,ugetti,Satispay,Bar e Ristoranti,expense,-3.60
2025-08-20,regalo gian,ING - CC,Shopping,expense,-18.99
2025-08-19,spesa,ING - CC,Spesa,expense,-8.04
2025-08-18,caffè ,Satispay,Bar e Ristoranti,expense,-1.30
2025-08-18,gelato ,Satispay,Bar e Ristoranti,expense,-3.00
2025-08-18,cartine,Satispay,Altro,expense,-1.00
2025-08-18,trasferimento ,ING - CD,Trasferimenti,expense,-150.00
2025-08-18,icloud,ING - CC,Casa e Utenze,expense,-0.99
2025-08-18,trasferimento ,ING - CC,Trasferimenti,income,150.00
2025-08-18,bollo auto fiat 500 2025,ING - CC,Auto e Moto,expense,-152.45
2025-08-18,unipolmove,ING - CC,Viaggi e Trasporti,expense,-94.40
2025-08-17,caffè ,Satispay,Bar e Ristoranti,expense,-1.30
2025-08-16,trasferimento ,Revolut,Trasferimenti,expense,-100.00
2025-08-16,trasferimento ,ING - CC,Trasferimenti,income,100.00
2025-08-15,benzina,Revolut,Viaggi e Trasporti,expense,-43.10
2025-08-14,bar,Satispay,Bar e Ristoranti,expense,-4.00
2025-08-14,assicurazione moto,Paypal,Auto e Moto,expense,-20.87
2025-08-14,gelato ,Cash,Bar e Ristoranti,expense,-3.00
2025-08-14,cena green ,Revolut,Bar e Ristoranti,expense,-14.00
2025-08-14,assicurazione moto,ING - CC,Auto e Moto,expense,-271.10
2025-08-14,spesa ferragosto,ING - CC,Spesa,expense,-16.39
2025-08-14,spesa ferragosto,ING - CC,Spesa,expense,-8.28
2025-08-13,bar,ING - CC,Bar e Ristoranti,expense,-14.00
2025-08-13,mc,ING - CC,Bar e Ristoranti,expense,-14.39
2025-08-13,backblaze,ING - CC,Casa e Utenze,expense,-1.82
2025-08-12,frappè,Cash,Bar e Ristoranti,expense,-2.00
2025-08-12,github copilot,Paypal,Casa e Utenze,expense,-18.41
2025-08-12,iliad,ING - CC,Casa e Utenze,expense,-9.99
2025-08-11,saldo carta di credito,ING - Carta di Credito,Trasferimenti,income,103.45
2025-08-11,saldo carta di credito,ING - CC,Trasferimenti,expense,-103.45
2025-08-11,macelleria,Satispay,Spesa,expense,-5.50
2025-08-11,gastronomia,Cash,Spesa,expense,-16.00
2025-08-11,verduriere,Cash,Spesa,expense,-10.00
2025-08-11,parcella commercialista,ING - CC,Altro,expense,-80.00
2025-08-11,prime,ING - CC,Casa e Utenze,expense,-4.99
2025-08-10,colazione sestri levante ,Revolut,Bar e Ristoranti,expense,-9.50
2025-08-10,nastro isolante,ING - CC,Auto e Moto,expense,-1.00
2025-08-10,lavaggio moto,Cash,Auto e Moto,expense,-2.00
2025-08-10,birra,ING - CC,Bar e Ristoranti,expense,-5.00
2025-08-10,solo pizza,Cash,Bar e Ristoranti,expense,-22.00
2025-08-09,colazione livorno,Revolut,Bar e Ristoranti,expense,-9.35
2025-08-09,bar,Revolut,Bar e Ristoranti,expense,-8.43
2025-08-09,pedaggio,Revolut,Viaggi e Trasporti,expense,-2.50
2025-08-09,mc,Revolut,Bar e Ristoranti,expense,-7.30
2025-08-09,mc,Revolut,Bar e Ristoranti,expense,-3.85
2025-08-09,sagra volastra,Revolut,Bar e Ristoranti,expense,-20.50
2025-08-09,sagra volastra,Revolut,Bar e Ristoranti,expense,-7.00
2025-08-08,succo,Revolut,Bar e Ristoranti,expense,-3.50
2025-08-08,pranzo castagneto carducci,Revolut,Bar e Ristoranti,expense,-24.00
2025-08-08,prelievo da ing,ING - CC,Trasferimenti,expense,-100.00
2025-08-08,prelievo da ing,Cash,Trasferimenti,income,100.00
2025-08-08,ape rinforzato rosignano,Cash,Bar e Ristoranti,expense,-47.00
2025-08-07,spesa,Revolut,Spesa,expense,-5.20
2025-08-07,trasferimento ,ING - CC,Trasferimenti,expense,-200.00
2025-08-07,trasferimento ,Revolut,Trasferimenti,income,200.00
2025-08-07,ristorante,Revolut,Bar e Ristoranti,expense,-4.00
2025-08-07,gelati,Revolut,Bar e Ristoranti,expense,-5.80
2025-08-07,cena cala piatti,ING - CC,Bar e Ristoranti,expense,-120.00
2025-08-07,benzina,ING - CC,Viaggi e Trasporti,expense,-14.36
2025-08-06,pranzo orbetello,Revolut,Bar e Ristoranti,expense,-9.00
2025-08-06,benzina ,Revolut,Viaggi e Trasporti,expense,-14.19
2025-08-05,cochine,Revolut,Bar e Ristoranti,expense,-7.00
2025-08-05,pranzo feniglia,Revolut,Bar e Ristoranti,expense,-23.00
2025-08-05,spesa orbetello ,Revolut,Spesa,expense,-20.69
2025-08-05,cena porto santo stefano pizza phermento,Revolut,Bar e Ristoranti,expense,-36.00
2025-08-04,cena palaia,Revolut,Bar e Ristoranti,expense,-20.00
2025-08-04,albergo palaia,Revolut,Svago e Intrattenimento,expense,-72.87
2025-08-04,caffè ,Revolut,Bar e Ristoranti,expense,-1.50
2025-08-04,benzina,Revolut,Viaggi e Trasporti,expense,-5.89
2025-08-04,san galgano,Revolut,Svago e Intrattenimento,expense,-6.00
2025-08-04,ricarica satispay,ING - CC,Trasferimenti,expense,-46.80
2025-08-04,ricarica satispay,Satispay,Trasferimenti,income,46.80
2025-08-03,albergo agriturismo ceré,Revolut,Svago e Intrattenimento,expense,-42.50
2025-08-03,mc la spezia,Revolut,Bar e Ristoranti,expense,-15.00
2025-08-03,caffè mc,Revolut,Bar e Ristoranti,expense,-2.00
2025-08-03,acqua,Revolut,Bar e Ristoranti,expense,-1.00
2025-08-03,benzina,Revolut,Viaggi e Trasporti,expense,-15.08
2025-08-02,prenotazione albergo volastra,Revolut,Svago e Intrattenimento,expense,-60.62
2025-08-02,pedaggio,Revolut,Viaggi e Trasporti,expense,-2.55
2025-08-02,lovable,ING - CC,Casa e Utenze,expense,-22.39
2025-08-02,pranzo recco,Revolut,Bar e Ristoranti,expense,-22.54
2025-08-02,bar rapallo,Revolut,Bar e Ristoranti,expense,-5.50
2025-08-02,cena angiò ceré,Revolut,Bar e Ristoranti,expense,-46.50
2025-08-01,benzina,Revolut,Viaggi e Trasporti,expense,-11.71
2025-08-01,dominio portflow.it,Paypal,Altro,expense,-1.22
2025-08-01,solo pizza,Revolut,Bar e Ristoranti,expense,-31.00
2025-08-01,siga,Revolut,Altro,expense,-11.00
2025-08-01,pac,ING - CC,Trasferimenti,expense,-270.00
2025-08-01,pac,Investimenti,Trasferimenti,income,270.00
2025-08-01,ricarica buoni pasto,Buoni Pasto,Altre Entrate,income,144.00
2025-07-31,bar,Satispay,Bar e Ristoranti,expense,-2.40
2025-07-31,stipendio,ING - CC,Stipendio,income,1594.00
2025-07-31,saldo spotify 2023 2024 2025 a ele,ING - CC,Casa e Utenze,expense,-129.50
2025-07-31,spesa,Revolut,Spesa,expense,-9.34
2025-07-31,macelleria ,Satispay,Spesa,expense,-7.20
2025-07-31,risparmi,ING - CC,Trasferimenti,expense,-600.00
2025-07-31,risparmi,ING - CD,Trasferimenti,income,600.00
2025-07-31,Rata mensile pagamento rateale,ING - Carta di Credito,Shopping,expense,-17.50
2025-07-31,Rata mensile pagamento rateale,ING - Carta di Credito,Shopping,expense,-20.00
2025-07-31,Rata mensile pagamento rateale,ING - Carta di Credito,Shopping,expense,-17.88
2025-07-31,Rata mensile pagamento rateale,ING - Carta di Credito,Shopping,expense,-44.44
2025-07-31,Commissione mensile pagamento rateale,ING - Carta di Credito,Altro,expense,-0.52
2025-07-31,Commissione mensile pagamento rateale,ING - Carta di Credito,Altro,expense,-0.59
2025-07-31,Commissione mensile pagamento rateale,ING - Carta di Credito,Altro,expense,-0.53
2025-07-31,Commissione mensile pagamento rateale,ING - Carta di Credito,Altro,expense,-1.99
2025-07-30,prenotazione casa del chiodo,Revolut,Svago e Intrattenimento,expense,-60.94
2025-07-30,bar,Satispay,Bar e Ristoranti,expense,-2.40
2025-07-30,ape,Revolut,Bar e Ristoranti,expense,-10.00
2025-07-29,bla bla car,Paypal,Viaggi e Trasporti,income,12.00
2025-07-29,spesa,Satispay,Spesa,expense,-1.00
2025-07-29,spesa,Buoni Pasto,Spesa,expense,-24.00
2025-07-29,bar,Satispay,Bar e Ristoranti,expense,-2.40
2025-07-29,prelievo,Revolut,Trasferimenti,expense,-40.00
2025-07-29,prelievo,Cash,Trasferimenti,income,40.00
2025-07-29,garage,Cash,Auto e Moto,expense,-28.00
2025-07-28,benzina,ING - CC,Viaggi e Trasporti,expense,-18.00
2025-07-28,google one,ING - CC,Casa e Utenze,expense,-2.99
2025-07-28,albergo orbetello 2,Revolut,Svago e Intrattenimento,expense,-130.00
2025-07-28,bla bla car,Paypal,Viaggi e Trasporti,income,6.50
2025-07-28,pranzo,Buoni Pasto,Bar e Ristoranti,expense,-8.00
2025-07-28,pranzo,ING - CC,Bar e Ristoranti,expense,-2.00
2025-07-28,ricarica macchinette,Buoni Pasto,Bar e Ristoranti,expense,-8.00
2025-07-28,parcheggio,Cash,Viaggi e Trasporti,expense,-2.00
2025-07-28,lavaggio auto ,Revolut,Auto e Moto,expense,-7.00
2025-07-28,benzina,Revolut,Viaggi e Trasporti,expense,-44.37
2025-07-28,acqua,ING - CC,Bar e Ristoranti,expense,-1.00
2025-07-28,rimborso tasse unito,ING - CC,Altre Entrate,income,150.20
2025-07-27,prenotazione orbetello 1,Revolut,Svago e Intrattenimento,expense,-70.00
2025-07-27,bar bianca colaz,Satispay,Bar e Ristoranti,expense,-4.60
2025-07-27,decathlon ,Revolut,Shopping,expense,-13.48
2025-07-27,sagra,Cash,Bar e Ristoranti,expense,-20.00
2025-07-27,birra,ING - CC,Bar e Ristoranti,expense,-5.00
2025-07-27,birra,Revolut,Bar e Ristoranti,expense,-5.00
2025-07-27,bis primo,Revolut,Bar e Ristoranti,expense,-5.00
2025-07-27,torta,Cash,Bar e Ristoranti,expense,-5.00
2025-07-27,of,ING - CC,Altro,expense,-9.38
2025-07-26,benzina,ING - CC,Viaggi e Trasporti,expense,-16.97
2025-07-26,pranzo ormea,Cash,Bar e Ristoranti,expense,-26.50
2025-07-26,caffè ,Satispay,Bar e Ristoranti,expense,-2.60
2025-07-26,acqua,ING - CC,Spesa,expense,-4.20
2025-07-26,gelato ,Satispay,Bar e Ristoranti,expense,-3.00
2025-07-25,visura pra,ING - CC,Auto e Moto,expense,-7.50
2025-07-25,bla bla car,Paypal,Viaggi e Trasporti,income,12.00
2025-07-25,ape,ING - CC,Bar e Ristoranti,expense,-13.00
2025-07-25,cena fuoritutti,ING - CC,Bar e Ristoranti,expense,-18.50
2025-07-25,bar,Satispay,Bar e Ristoranti,expense,-4.90
2025-07-24,bar,Satispay,Bar e Ristoranti,expense,-2.40
2025-07-24,benzina,ING - CC,Viaggi e Trasporti,expense,-39.79
2025-07-24,pranzo,Buoni Pasto,Bar e Ristoranti,expense,-8.00
2025-07-24,pranzo,ING - CC,Bar e Ristoranti,expense,-5.00
2025-07-24,tolto cash da broker,Investimenti,Trasferimenti,expense,-30.93
2025-07-24,tolto cash da broker,ING - CC,Trasferimenti,income,30.93
2025-07-23,bar,Satispay,Bar e Ristoranti,expense,-2.40
2025-07-23,bla bla car,Paypal,Viaggi e Trasporti,income,10.00
2025-07-23,mcdelivery,ING - CC,Bar e Ristoranti,expense,-15.34
2025-07-22,yogurt,ING - CC,Bar e Ristoranti,expense,-6.00
2025-07-22,ricarica satispay ,Satispay,Trasferimenti,income,49.20
2025-07-22,ricarica satispay,ING - CC,Trasferimenti,expense,-49.20
2025-07-22,Imported Transaction,Satispay,Bar e Ristoranti,expense,-2.60
2025-07-22,bar,Satispay,Bar e Ristoranti,expense,-3.70
2025-07-22,amaro,ING - CC,Bar e Ristoranti,expense,-4.00
2025-07-21,sciarbo dolce,ING - CC,Bar e Ristoranti,expense,-6.00
2025-07-21,ferramenta ,Cash,Casa e Utenze,expense,-15.00
2025-07-21,cena mentelocale,ING - CC,Bar e Ristoranti,expense,-24.75
2025-07-20,ape,ING - CC,Bar e Ristoranti,expense,-7.00
2025-07-20,lucchetti borse moto,ING - CC,Shopping,expense,-15.80
2025-07-19,gelato,ING - CC,Bar e Ristoranti,expense,-6.00
2025-07-19,prelievo ,ING - CC,Trasferimenti,expense,-70.00
2025-07-19,prelievo,Cash,Trasferimenti,income,70.00
2025-07-18,ghini laura ???,ING - CC,Altro,expense,-14.82
2025-07-18,icloud,ING - CC,Casa e Utenze,expense,-0.99
2025-07-18,incasso borsa di studio,ING - CC,Altre Entrate,income,2000.00
2025-07-18,risparmi,ING - CC,Trasferimenti,expense,-1000.00
2025-07-18,risparmi,ING - CD,Trasferimenti,income,1000.00
2025-07-18,fondo vacanze,ING - CC,Trasferimenti,expense,-150.00
2025-07-18,fondo vacanze,Revolut,Trasferimenti,income,150.00
2025-07-18,cambio gomme,ING - CC,Auto e Moto,expense,-440.00
2025-07-18,parrucchiere,ING - CC,Salute,expense,-25.00
2025-07-18,siga,ING - CC,Altro,expense,-5.00
2025-07-17,bar,Satispay,Bar e Ristoranti,expense,-2.40
2025-07-17,focaccia e the,Satispay,Spesa,expense,-3.10
2025-07-17,pranzo,Buoni Pasto,Bar e Ristoranti,expense,-8.00
2025-07-17,pranzo,Cash,Bar e Ristoranti,expense,-2.26
2025-07-17,metro,ING - CC,Viaggi e Trasporti,expense,-4.40
2025-07-16,trasferimento ,ING - CD,Trasferimenti,expense,-200.00
2025-07-16,trasferimento ,ING - CC,Trasferimenti,income,200.00
2025-07-16,bar,Satispay,Bar e Ristoranti,expense,-2.40
2025-07-16,saldo borse moto,ING - CC,Auto e Moto,expense,-89.00
2025-07-15,bar,Satispay,Bar e Ristoranti,expense,-3.60
2025-07-15,pesto,Satispay,Spesa,expense,-4.00
2025-07-14,bar,Satispay,Bar e Ristoranti,expense,-2.40
2025-07-14,focaccia,Satispay,Spesa,expense,-4.60
2025-07-13,pastificio ,Satispay,Bar e Ristoranti,expense,-6.20
2025-07-12,macellaio,Satispay,Spesa,expense,-14.80
2025-07-12,sabbia gatto ,Cash,Spesa,expense,-4.00
2025-07-12,iliad,ING - CC,Casa e Utenze,expense,-9.99
2025-07-12,acconto borse laterali,ING - CC,Auto e Moto,expense,-50.00
2025-07-12,birre,Cash,Spesa,expense,-3.15
2025-07-11,multa revisione ,ING - CC,Auto e Moto,expense,-123.59
2025-07-11,bar,Satispay,Bar e Ristoranti,expense,-2.70
2025-07-11,gelato,Satispay,Bar e Ristoranti,expense,-3.00
2025-07-11,riparazione parabrezza + revisione,Allianz,Auto e Moto,expense,-560.00
2025-07-11,backblaze,ING - CC,Casa e Utenze,expense,-1.72
2025-07-11,prime,ING - CC,Casa e Utenze,expense,-4.99
2025-07-11,money packing cubes bubi,Paypal,Altre Entrate,income,26.00
2025-07-11,packing cubes bubi,ING - CC,Shopping,expense,-25.64
2025-07-11,trasferimento ,ING - CC,Trasferimenti,income,26.00
2025-07-11,saldo telaietti moto,ING - CC,Auto e Moto,expense,-100.00
2025-07-11,trasferimento ,Paypal,Trasferimenti,expense,-26.00
2025-07-11,pizza,ING - CC,Bar e Ristoranti,expense,-16.00
2025-07-10,saldo carta di credito,ING - Carta di Credito,Trasferimenti,income,220.41
2025-07-10,saldo carta di credito,ING - CC,Trasferimenti,expense,-220.41
2025-07-10,bus,ING - CC,Viaggi e Trasporti,expense,-2.20
2025-07-10,bla bla car,ING - CC,Viaggi e Trasporti,expense,-13.59
2025-07-10,metro,ING - CC,Viaggi e Trasporti,expense,-2.20
2025-07-10,pranzo,Buoni Pasto,Bar e Ristoranti,expense,-8.00
2025-07-10,pranzo,ING - CC,Bar e Ristoranti,expense,-3.90
2025-07-10,spesa,ING - CC,Spesa,expense,-16.97
2025-07-09,pranzo,Buoni Pasto,Bar e Ristoranti,expense,-8.00
2025-07-09,bus,ING - CC,Viaggi e Trasporti,expense,-2.20
2025-07-09,pranzo,ING - CC,Bar e Ristoranti,expense,-2.71
2025-07-08,benzina,ING - CC,Viaggi e Trasporti,expense,-39.06
2025-07-08,mc,ING - CC,Bar e Ristoranti,expense,-14.20
2025-07-07,cinema ,ING - CC,Svago e Intrattenimento,expense,-18.00
2025-07-07,ape bardo,ING - CC,Bar e Ristoranti,expense,-7.80
2025-07-07,ricarica satispay,ING - CC,Trasferimenti,expense,-48.60
2025-07-07,ricarica satispay,Satispay,Trasferimenti,income,48.60
2025-07-06,caffè ,ING - CC,Bar e Ristoranti,expense,-2.60
2025-07-04,treno 17/7,Revolut,Viaggi e Trasporti,expense,-6.00
2025-07-04,lavaggio auto,ING - CC,Auto e Moto,expense,-5.00
2025-07-04,pranzo ,ING - CC,Spesa,expense,-8.60
2025-07-04,multa,ING - CC,Auto e Moto,expense,-30.90
2025-07-04,bar,Satispay,Bar e Ristoranti,expense,-2.40
2025-07-04,benzina,ING - CC,Viaggi e Trasporti,expense,-38.36
2025-07-03,pizza,ING - CC,Bar e Ristoranti,expense,-11.08
2025-07-03,pac,ING - CC,Trasferimenti,expense,-270.00
2025-07-03,pac,Investimenti,Trasferimenti,income,270.00
2025-07-03,caffè bar,Satispay,Bar e Ristoranti,expense,-4.10
2025-07-02,lovable,ING - CC,Casa e Utenze,expense,-21.71
2025-07-02,pranzo foc al form,ING - CC,Bar e Ristoranti,expense,-20.70
2025-07-02,cinese lin,Revolut,Bar e Ristoranti,income,9.00
2025-07-02,cinese,ING - CC,Bar e Ristoranti,expense,-26.58
2025-07-01,biglietto lucio corsi,Satispay,Svago e Intrattenimento,expense,-30.00
2025-07-01,colazione bar bianca,Satispay,Bar e Ristoranti,expense,-6.30
2025-07-01,DA TROVARE,Allianz,Altro,expense,-0.87
2025-07-01,buoni pasto,Buoni Pasto,Altre Entrate,income,168.00
2025-06-30,stipendio,ING - CC,Stipendio,income,1801.00
2025-06-30,risparmi ,ING - CC,Trasferimenti,expense,-500.00
2025-06-30,risparmi ,ING - CD,Trasferimenti,income,500.00
2025-06-30,risparmi ,ING - CD,Trasferimenti,expense,-100.00
2025-06-30,risparmi ,ING - CC,Trasferimenti,income,100.00
2025-06-30,fondo vacanze,ING - CC,Trasferimenti,expense,-100.00
2025-06-30,fondo vacanze,Revolut,Trasferimenti,income,100.00
2025-06-30,ricarica satispay,ING - CC,Trasferimenti,expense,-38.35
2025-06-30,ricarica satispay,Satispay,Trasferimenti,income,38.35
2025-06-30,colazione bar bianca,Satispay,Bar e Ristoranti,expense,-5.80
2025-06-30,canone conto corrente,Allianz,Casa e Utenze,expense,-11.40
2025-06-30,Rata mensile pagamento rateale,ING - Carta di Credito,Shopping,expense,-20.00
2025-06-30,Rata mensile pagamento rateale,ING - Carta di Credito,Shopping,expense,-17.88
2025-06-30,Rata mensile pagamento rateale,ING - Carta di Credito,Shopping,expense,-44.44
2025-06-30,Commissione mensile pagamento rateale,ING - Carta di Credito,Altro,expense,-1.99
2025-06-30,Commissione mensile pagamento rateale,ING - Carta di Credito,Altro,expense,-0.59
2025-06-30,Commissione mensile pagamento rateale,ING - Carta di Credito,Altro,expense,-0.53
2025-06-29,spesa,Satispay,Spesa,expense,-4.20
2025-06-29,bar bianca,Satispay,Bar e Ristoranti,expense,-4.00
2025-06-28,caffè ,Cash,Bar e Ristoranti,expense,-2.00
2025-06-28,google one,Allianz,Casa e Utenze,expense,-2.99
2025-06-28,pizza focaz concerto,Satispay,Bar e Ristoranti,expense,-14.75
2025-06-28,gelato,Satispay,Bar e Ristoranti,expense,-1.80
2025-06-28,Operazione presso RAVERA MOTORICAMBI DI SAVONA,ING - Carta di Credito,Auto e Moto,expense,-25.00
2025-06-27,spostamento,ING - CD,Trasferimenti,expense,-50.00
2025-06-27,prelievo,Cash,Trasferimenti,income,40.00
2025-06-27,garage,Cash,Auto e Moto,expense,-28.00
2025-06-27,frappè ,Satispay,Bar e Ristoranti,expense,-3.00
2025-06-27,gelato,Satispay,Bar e Ristoranti,expense,-1.50
2025-06-27,spostamento,ING - CC,Trasferimenti,income,50.00
2025-06-27,prelievo,ING - CC,Trasferimenti,expense,-40.00
2025-06-27,cena fuoritutti,ING - CC,Bar e Ristoranti,expense,-23.00
2025-06-26,bar,Satispay,Bar e Ristoranti,expense,-3.70
2025-06-26,spesa,ING - CC,Spesa,expense,-19.42
2025-06-26,focaccia,Satispay,Spesa,expense,-5.40
2025-06-25,ricarica macchinette,Buoni Pasto,Bar e Ristoranti,expense,-8.00
2025-06-25,pranzo,Buoni Pasto,Bar e Ristoranti,expense,-8.00
2025-06-25,pranzo,ING - CC,Bar e Ristoranti,expense,-4.96
2025-06-25,mc,ING - CC,Bar e Ristoranti,expense,-11.25
2025-06-25,of,ING - CC,Altro,expense,-3.79
2025-06-25,metro,ING - CC,Viaggi e Trasporti,expense,-2.20
2025-06-24,ricarica lime,Paypal,Viaggi e Trasporti,expense,-3.99
2025-06-24,coca,ING - CC,Bar e Ristoranti,expense,-3.00
2025-06-24,siga,ING - CC,Altro,expense,-5.50
2025-06-24,pranzo,ING - CC,Bar e Ristoranti,expense,-2.00
2025-06-24,pranzo,Buoni Pasto,Bar e Ristoranti,expense,-8.00
2025-06-24,pranzo,ING - CC,Bar e Ristoranti,expense,-2.00
2025-06-23,restituzione caparra,ING - CC,Altre Entrate,income,600.00
2025-06-23,restituzione caparra,ING - CC,Trasferimenti,expense,-600.00
2025-06-23,restituzione caparra,Allianz,Trasferimenti,income,600.00
2025-06-23,treno,ING - CC,Viaggi e Trasporti,expense,-15.60
2025-06-23,ricarica satispay,ING - CC,Trasferimenti,expense,-41.00
2025-06-23,ricarica satispay,Satispay,Trasferimenti,income,41.00
2025-06-22,pesce,ING - CC,Bar e Ristoranti,expense,-8.50
2025-06-20,gelato,ING - CC,Bar e Ristoranti,expense,-2.40
2025-06-19,pranzo,Buoni Pasto,Bar e Ristoranti,expense,-8.00
2025-06-19,fornaio,ING - CC,Spesa,expense,-6.17
2025-06-19,metro,ING - CC,Viaggi e Trasporti,expense,-4.40
2025-06-19,pranzo,ING - CC,Bar e Ristoranti,expense,-5.00
2025-06-19,caffè ,Satispay,Bar e Ristoranti,expense,-1.20
2025-06-18,icloud,Paypal,Casa e Utenze,expense,-0.99
2025-06-18,birra,ING - CC,Bar e Ristoranti,expense,-4.00
2025-06-18,ricarica,Allianz,Altre Entrate,income,3.00
2025-06-18,bar,Satispay,Bar e Ristoranti,expense,-4.00
2025-06-18,giroconto,Allianz,Altre Entrate,income,3.00
2025-06-18,Operazione presso CENTRO REVISIONI OLTRE SAVONA,ING - Carta di Credito,Auto e Moto,expense,-80.00
2025-06-17,bar,Satispay,Bar e Ristoranti,expense,-2.40
2025-06-17,frappe,Satispay,Bar e Ristoranti,expense,-3.00
2025-06-16,benzina,ING - CC,Viaggi e Trasporti,expense,-15.64
2025-06-16,spiaggia varigotti,ING - CC,Svago e Intrattenimento,expense,-57.00
2025-06-16,cena molo,ING - CC,Bar e Ristoranti,expense,-110.00
2025-06-16,caffè bar ,Satispay,Bar e Ristoranti,expense,-4.80
2025-06-15,birra turco,ING - CC,Bar e Ristoranti,expense,-5.00
2025-06-15,birra e panissa turco,ING - CC,Bar e Ristoranti,expense,-9.00
2025-06-15,acquisto non identificato,ING - CC,Altro,expense,-9.50
2025-06-15,caffè e focaz,ING - CC,Bar e Ristoranti,expense,-1.80
2025-06-15,birra,ING - CC,Bar e Ristoranti,expense,-5.00
2025-06-14,spesa,Buoni Pasto,Spesa,expense,-16.00
2025-06-14,piadine,ING - CC,Bar e Ristoranti,expense,-19.80
2025-06-14,macedonia caffè ,ING - CC,Bar e Ristoranti,expense,-7.60
2025-06-14,bar,ING - CC,Bar e Ristoranti,expense,-6.00
2025-06-14,spesa,Revolut,Spesa,expense,-3.90
2025-06-14,gelato,Satispay,Bar e Ristoranti,expense,-3.00
2025-06-14,birre,Satispay,Bar e Ristoranti,expense,-10.00
2025-06-13,spesa,Buoni Pasto,Spesa,expense,-32.00
2025-06-13,github copilot,Buddybank,Casa e Utenze,expense,-9.13
2025-06-13,spesa,ING - CC,Spesa,expense,-4.80
2025-06-13,caffè ,Satispay,Bar e Ristoranti,expense,-2.40
2025-06-12,iliad,ING - CC,Casa e Utenze,expense,-9.99
2025-06-12,metro,ING - CC,Viaggi e Trasporti,expense,-4.40
2025-06-12,pranzo,Buoni Pasto,Bar e Ristoranti,expense,-8.00
2025-06-12,pranzo,ING - CC,Bar e Ristoranti,expense,-2.00
2025-06-11,pranzo,Buoni Pasto,Bar e Ristoranti,expense,-8.00
2025-06-11,backblaze,ING - CC,Casa e Utenze,expense,-1.86
2025-06-11,unipolmove,ING - CC,Viaggi e Trasporti,expense,-42.20
2025-06-11,metro,ING - CC,Viaggi e Trasporti,expense,-2.20
2025-06-11,pranzo,ING - CC,Bar e Ristoranti,expense,-2.50
2025-06-11,moes,ING - CC,Bar e Ristoranti,expense,-10.00
2025-06-11,bici lime,Paypal,Viaggi e Trasporti,expense,-3.99
2025-06-11,bar,Satispay,Bar e Ristoranti,expense,-2.40
2025-06-10,frappé,Satispay,Bar e Ristoranti,expense,-3.00
2025-06-10,prime,ING - CC,Casa e Utenze,expense,-4.99
2025-06-10,birra,ING - CC,Bar e Ristoranti,expense,-6.00
2025-06-10,bar,Satispay,Bar e Ristoranti,expense,-2.40
2025-06-09,saldo carta di credito,ING - Carta di Credito,Trasferimenti,income,167.78
2025-06-09,saldo carta di credito,ING - CC,Trasferimenti,expense,-167.78
2025-06-09,bar ,Satispay,Bar e Ristoranti,expense,-2.40
2025-06-09,ricarica satispay ,ING - CC,Trasferimenti,expense,-46.70
2025-06-09,ricarica satispay,Satispay,Trasferimenti,income,46.70
2025-06-09,pollo,ING - CC,Spesa,expense,-15.84
2025-06-08,birra,ING - CC,Bar e Ristoranti,expense,-4.00
2025-06-08,bar,Satispay,Bar e Ristoranti,expense,-4.10
2025-06-08,mc,Satispay,Bar e Ristoranti,expense,-5.20
2025-06-08,blabla car,ING - CC,Viaggi e Trasporti,expense,-12.39
2025-06-07,cena marmorassi,ING - CC,Bar e Ristoranti,expense,-20.50
2025-06-07,colaz baia del corvo,ING - CC,Bar e Ristoranti,expense,-6.00
2025-06-07,pranzo scaletto,ING - CC,Bar e Ristoranti,expense,-17.00
2025-06-07,DA TROVARE,Revolut,Altro,expense,-17.15
2025-06-06,ricarica buoni pasto,Buoni Pasto,Altre Entrate,income,128.00
2025-06-06,parrucchiere,ING - CC,Salute,expense,-25.00
2025-06-06,bar,Satispay,Bar e Ristoranti,expense,-2.40
2025-06-06,cena ghironda,ING - CC,Bar e Ristoranti,expense,-21.50
2025-06-05,bar,Satispay,Bar e Ristoranti,expense,-3.70
2025-06-04,regalo zio,ING - CC,Altro,expense,-25.00
2025-06-04,ape,ING - CC,Bar e Ristoranti,expense,-7.00
2025-06-04,bar,Satispay,Bar e Ristoranti,expense,-2.40
2025-06-03,cena oww,Buoni Pasto,Bar e Ristoranti,expense,-64.00
2025-06-03,pranzo,ING - CC,Bar e Ristoranti,expense,-24.10
2025-06-03,fondi monetari,ING - CC,Trasferimenti,expense,-100.00
2025-06-03,pac,ING - CC,Trasferimenti,expense,-170.00
2025-06-03,metro,ING - CC,Viaggi e Trasporti,expense,-4.40
2025-06-03,fondi monetari,Investimenti,Trasferimenti,income,100.00
2025-06-03,pac,Investimenti,Trasferimenti,income,170.00
2025-06-03,pranzo,Paypal,Bar e Ristoranti,income,11.00
2025-06-02,caffè ,Satispay,Bar e Ristoranti,expense,-2.40
2025-06-02,caffè ,Satispay,Bar e Ristoranti,expense,-2.40
2025-06-02,cibo gatto,ING - CC,Spesa,expense,-6.24
2025-06-02,popcorn caramelle pepsi,ING - CC,Bar e Ristoranti,expense,-9.50
2025-06-01,sushi,ING - CC,Bar e Ristoranti,expense,-70.00
2025-06-01,spesa,ING - CC,Spesa,expense,-1.95
2025-06-01,Operazione presso DECATHLON 00000577 VADO LIGURE,ING - Carta di Credito,Shopping,expense,-29.98
2025-06-01,bla bla car,ING - CC,Viaggi e Trasporti,expense,-13.59
2025-05-31,macellaio,Satispay,Spesa,expense,-15.60
2025-05-31,colaz bar,Satispay,Bar e Ristoranti,expense,-6.10
2025-05-31,Rata mensile pagamento rateale,ING - Carta di Credito,Shopping,expense,-17.88
2025-05-31,Rata mensile pagamento rateale,ING - Carta di Credito,Shopping,expense,-44.44
2025-05-31,Commissione mensile pagamento rateale,ING - Carta di Credito,Altro,expense,-0.53
2025-05-31,Commissione mensile pagamento rateale,ING - Carta di Credito,Altro,expense,-1.99
2025-05-30,stipendio,ING - CC,Stipendio,income,1792.00
2025-05-30,risparmi ,ING - CC,Trasferimenti,expense,-500.00
2025-05-30,risparmi ,ING - CD,Trasferimenti,income,500.00
2025-05-30,birre,ING - CC,Bar e Ristoranti,expense,-10.00
2025-05-30,pizza,ING - CC,Bar e Ristoranti,expense,-14.00
2025-05-29,pranzo,Buoni Pasto,Bar e Ristoranti,expense,-8.00
2025-05-29,google one,Allianz,Casa e Utenze,expense,-2.99
2025-05-29,metro,ING - CC,Viaggi e Trasporti,expense,-4.40
2025-05-29,pranzo,ING - CC,Bar e Ristoranti,expense,-5.00
2025-05-29,the,ING - CC,Spesa,expense,-0.59
2025-05-28,metro,ING - CC,Viaggi e Trasporti,expense,-4.40
2025-05-28,birre,ING - CC,Bar e Ristoranti,expense,-8.00
2025-05-28,mutande,ING - CC,Shopping,expense,-12.90
2025-05-27,bollo moto leoncino,Revolut,Auto e Moto,expense,-57.50
2025-05-27,macchinette,ING - CC,Bar e Ristoranti,expense,-4.00
2025-05-26,macelleria,Cash,Spesa,expense,-9.50
2025-05-26,garage,Cash,Auto e Moto,expense,-28.00
2025-05-26,burgerino,ING - CC,Bar e Ristoranti,expense,-1.50
2025-05-26,vino,Revolut,Bar e Ristoranti,expense,-8.00
2025-05-26,ricarica satispay,Satispay,Trasferimenti,income,44.20
2025-05-26,ricarica satispay,ING - CC,Trasferimenti,expense,-44.20
2025-05-25,spesa,Buoni Pasto,Spesa,expense,-32.00
2025-05-25,lasagne,ING - CC,Spesa,expense,-6.00
2025-05-25,cochina,ING - CC,Spesa,expense,-2.07
2025-05-25,pantaloni trekking,Buddybank,Shopping,expense,-44.99
2025-05-25,caffè ,Buddybank,Bar e Ristoranti,expense,-1.60
2025-05-25,benzina moto,ING - CC,Viaggi e Trasporti,expense,-16.30
2025-05-25,prelievo,ING - CC,Trasferimenti,expense,-40.00
2025-05-25,prelievo,Cash,Trasferimenti,income,40.00
2025-05-25,spesa,ING - CC,Spesa,expense,-1.18
2025-05-25,bar,Satispay,Bar e Ristoranti,expense,-2.40
2025-05-24,gelato,Revolut,Bar e Ristoranti,income,3.80
2025-05-24,gelato,ING - CC,Bar e Ristoranti,expense,-7.60
2025-05-24,pizza,ING - CC,Bar e Ristoranti,expense,-15.25
2025-05-24,caffè,Satispay,Bar e Ristoranti,expense,-2.50
2025-05-23,bar,Satispay,Bar e Ristoranti,expense,-2.40
2025-05-23,frappè,Satispay,Bar e Ristoranti,expense,-3.00
2025-05-21,bar,Satispay,Bar e Ristoranti,expense,-4.00
2025-05-21,spesa,ING - CC,Spesa,expense,-8.17
2025-05-21,Operazione presso DECATHLON 00000577 VADO LIGURE,ING - Carta di Credito,Shopping,expense,-30.96
2025-05-19,ricarica macchinette,Buoni Pasto,Bar e Ristoranti,expense,-16.00
2025-05-19,pranzo ,Buoni Pasto,Bar e Ristoranti,expense,-8.00
2025-05-19,metro,ING - CC,Viaggi e Trasporti,expense,-4.40
2025-05-19,pranzo,ING - CC,Bar e Ristoranti,expense,-3.90
2025-05-19,mc,ING - CC,Bar e Ristoranti,expense,-6.85
2025-05-19,acqua,ING - CC,Bar e Ristoranti,expense,-1.30
2025-05-19,nurofen,ING - CC,Salute,expense,-6.20
2025-05-18,focaccia,Satispay,Spesa,expense,-10.00
2025-05-18,pizza,ING - CC,Bar e Ristoranti,expense,-9.00
2025-05-18,saldo tricount laigueglia,ING - CC,Bar e Ristoranti,expense,-58.25
2025-05-18,icloud,Paypal,Casa e Utenze,expense,-0.99
2025-05-17,spesa,Buoni Pasto,Spesa,expense,-24.00
2025-05-17,pranzo costa azzurra ,ING - CC,Bar e Ristoranti,expense,-28.00
2025-05-17,spesa ,ING - CC,Spesa,expense,-18.95
2025-05-16,colaz franco,Satispay,Bar e Ristoranti,expense,-5.60
2025-05-16,gelato,Satispay,Bar e Ristoranti,expense,-6.00
2025-05-16,siga,ING - CC,Altro,expense,-6.70
2025-05-16,treno,Paypal,Viaggi e Trasporti,expense,-4.00
2025-05-15,pranzo,Buoni Pasto,Bar e Ristoranti,expense,-8.00
2025-05-15,metro,ING - CC,Viaggi e Trasporti,expense,-2.20
2025-05-15,pranzo,ING - CC,Bar e Ristoranti,expense,-2.50
2025-05-15,metro,ING - CC,Viaggi e Trasporti,expense,-2.20
2025-05-14,unipolmove,ING - CC,Viaggi e Trasporti,expense,-88.00
2025-05-13,pranzo,Buoni Pasto,Bar e Ristoranti,expense,-8.00
2025-05-13,fornaio,Satispay,Spesa,expense,-6.70
2025-05-13,pranzo,ING - CC,Bar e Ristoranti,expense,-6.90
2025-05-13,metro,ING - CC,Viaggi e Trasporti,expense,-4.40
2025-05-13,cena pizza isola,ING - CC,Bar e Ristoranti,expense,-23.90
2025-05-13,metro,ING - CC,Viaggi e Trasporti,expense,-2.20
2025-05-12,ricarica satispay,ING - CC,Trasferimenti,expense,-41.23
2025-05-12,ricarica satispay,Satispay,Trasferimenti,income,41.23
2025-05-12,bar,Satispay,Bar e Ristoranti,expense,-4.00
2025-05-12,github copilot,Buddybank,Casa e Utenze,expense,-9.30
2025-05-12,iliad,ING - CC,Casa e Utenze,expense,-9.99
2025-05-11,saldo carta di credito,ING - Carta di Credito,Trasferimenti,income,125.50
2025-05-11,saldo carta di credito,ING - CC,Trasferimenti,expense,-125.50
2025-05-11,gelato,Satispay,Bar e Ristoranti,expense,-3.00
2025-05-11,spesa,ING - CC,Spesa,expense,-6.98
2025-05-11,spesa,ING - CC,Spesa,expense,-14.67
2025-05-11,commissioni cambi,ING - CC,Altro,expense,-0.04
2025-05-10,pastificio ,Satispay,Spesa,expense,-4.50
2025-05-10,fornaio,Satispay,Spesa,expense,-5.60
2025-05-10,pastificio,Revolut,Spesa,income,5.00
2025-05-10,colletta alimentare,Satispay,Spesa,expense,-3.53
2025-05-10,prime,ING - CC,Casa e Utenze,expense,-4.99
2025-05-10,ape,Satispay,Bar e Ristoranti,expense,-12.00
2025-05-10,pizza,Satispay,Bar e Ristoranti,expense,-14.50
2025-05-08,bus e metro,ING - CC,Viaggi e Trasporti,expense,-4.40
2025-05-08,pranzo,ING - CC,Bar e Ristoranti,expense,-12.80
2025-05-08,ricarica macchinette,Buddybank,Bar e Ristoranti,expense,-5.00
2025-05-07,pranzo,ING - CC,Bar e Ristoranti,expense,-14.50
2025-05-07,metro,ING - CC,Viaggi e Trasporti,expense,-2.20
2025-05-07,bar,Satispay,Bar e Ristoranti,expense,-2.70
2025-05-06,bar,ING - CC,Bar e Ristoranti,expense,-14.00
2025-05-06,bar,Satispay,Bar e Ristoranti,income,7.00
2025-05-05,ricarica buoni pasto,Buoni Pasto,Altre Entrate,income,152.00
2025-05-05,spesa,Buoni Pasto,Spesa,expense,-64.00
2025-05-05,ricarica satispay,ING - CC,Trasferimenti,expense,-45.54
2025-05-05,caffè,Satispay,Bar e Ristoranti,expense,-2.40
2025-05-05,ricarica satispay,Satispay,Trasferimenti,income,45.54
2025-05-03,pedaggio ,ING - CC,Viaggi e Trasporti,expense,-6.30
2025-05-03,pranzo laigue,ING - CC,Bar e Ristoranti,expense,-20.70
2025-05-03,macellaio,ING - CC,Spesa,expense,-8.35
2025-05-03,verduriere,ING - CC,Spesa,expense,-3.30
2025-05-03,risparmi,ING - CC,Trasferimenti,expense,-200.00
2025-05-03,spesa,ING - CC,Spesa,expense,-5.99
2025-05-03,risparmi,ING - CD,Trasferimenti,income,200.00
2025-05-03,Operazione presso Namirial Senigallia - firma digitale,ING - Carta di Credito,Altro,expense,-71.98
2025-05-02,focaccia formaggio ,ING - CC,Bar e Ristoranti,expense,-13.30
2025-05-02,benzina,ING - CC,Viaggi e Trasporti,expense,-7.23
2025-05-02,pac,ING - CC,Trasferimenti,expense,-170.00
2025-05-02,fondo emergenza,ING - CC,Trasferimenti,expense,-600.00
2025-05-02,pac,Investimenti,Trasferimenti,income,170.00
2025-05-02,fondo emergenza,Investimenti,Trasferimenti,income,600.00
2025-05-02,birra,Paypal,Bar e Ristoranti,expense,-6.00
2025-05-01,benzina moto,ING - CC,Viaggi e Trasporti,expense,-15.16
2025-05-01,ape,ING - CC,Bar e Ristoranti,expense,-7.00
2025-05-01,gelato,Cash,Bar e Ristoranti,expense,-6.00
2025-04-30,stipendio ,ING - CC,Stipendio,income,1784.00
2025-04-30,bla bla car,ING - CC,Viaggi e Trasporti,expense,-11.19
2025-04-30,bla bla car,ING - CC,Viaggi e Trasporti,expense,-14.89
2025-04-30,spesa,ING - CC,Spesa,expense,-10.60
2025-04-30,macelleria,ING - CC,Spesa,expense,-9.95
2025-04-30,negroni,ING - CC,Bar e Ristoranti,expense,-7.00
2025-04-30,bar,Satispay,Bar e Ristoranti,expense,-4.00
2025-04-30,panettiere,Satispay,Spesa,expense,-5.34
2025-04-30,bla bla car,Paypal,Viaggi e Trasporti,income,12.00
2025-04-30,Rata mensile pagamento rateale,ING - Carta di Credito,Shopping,expense,-40.06
2025-04-30,Commissione mensile pagamento rateale,ING - Carta di Credito,Altro,expense,-0.60
2025-04-29,pranzo,Buoni Pasto,Bar e Ristoranti,expense,-16.00
2025-04-29,metro,ING - CC,Viaggi e Trasporti,expense,-4.40
2025-04-29,parcheggio ,ING - CC,Viaggi e Trasporti,expense,-2.00
2025-04-29,xxx,ING - CC,Shopping,expense,-6.72
2025-04-29,mc,ING - CC,Bar e Ristoranti,expense,-13.78
2025-04-29,benzina,ING - CC,Viaggi e Trasporti,expense,-40.79
2025-04-29,pranzo,Cash,Bar e Ristoranti,expense,-3.00
2025-04-29,ricarica macchinette,Cash,Altro,expense,-3.50
2025-04-28,libro,ING - CC,Shopping,expense,-9.48
2025-04-28,regalo compleanno marti,ING - CC,Shopping,expense,-29.00
2025-04-28,focaccia,Satispay,Spesa,expense,-6.60
2025-04-28,prelievo,Buddybank,Trasferimenti,expense,-40.00
2025-04-28,prelievo,Cash,Trasferimenti,income,40.00
2025-04-28,garage,Cash,Auto e Moto,expense,-28.00
2025-04-28,the,Cash,Spesa,expense,-0.99
2025-04-28,google one,Paypal,Casa e Utenze,expense,-2.99
2025-04-27,spesa coop,Buoni Pasto,Spesa,expense,-24.00
2025-04-27,spesa,ING - CC,Spesa,expense,-11.46
2025-04-27,gelato,Satispay,Bar e Ristoranti,expense,-6.50
2025-04-26,mc,ING - CC,Bar e Ristoranti,expense,-1.40
2025-04-26,bar bianca,Satispay,Bar e Ristoranti,expense,-4.30
2025-04-26,gelato ,Satispay,Bar e Ristoranti,expense,-3.00
2025-04-25,spesa,Buoni Pasto,Spesa,expense,-8.00
2025-04-25,pranzo antibes,ING - CC,Bar e Ristoranti,expense,-37.00
2025-04-25,parcheggio mentone,ING - CC,Viaggi e Trasporti,expense,-2.30
2025-04-25,autogrill x bubi,ING - CC,Spesa,expense,-8.79
2025-04-25,spesa,ING - CC,Spesa,expense,-7.63
2025-04-25,parcheggio,ING - CC,Viaggi e Trasporti,expense,-2.70
2025-04-25,DA TROVARE,Cash,Altro,expense,-1.00
2025-04-24,spazzolino e dentifricio,ING - CC,Salute,expense,-7.40
2025-04-24,bar,Satispay,Bar e Ristoranti,expense,-2.60
2025-04-23,spesa,Buoni Pasto,Spesa,expense,-32.00
2025-04-23,benzina,ING - CC,Viaggi e Trasporti,expense,-42.82
2025-04-23,parcheggio,ING - CC,Viaggi e Trasporti,expense,-7.50
2025-04-23,spesa,ING - CC,Spesa,expense,-4.62
2025-04-22,lavanderia,ING - CC,Casa e Utenze,expense,-18.00
2025-04-22,bar,Satispay,Bar e Ristoranti,expense,-3.70
2025-04-22,macellaio ,Satispay,Spesa,expense,-8.20
2025-04-22,caffè ,Satispay,Bar e Ristoranti,expense,-1.30
2025-04-21,ricarica satispay,ING - CC,Trasferimenti,expense,-49.46
2025-04-21,ricarica satispay,Satispay,Trasferimenti,income,49.46
2025-04-20,spesa pasquetta ,ING - CC,Spesa,expense,-23.47
2025-04-19,spesa,Buoni Pasto,Spesa,expense,-16.00
2025-04-19,caffè ,ING - CC,Bar e Ristoranti,expense,-2.40
2025-04-19,boccola tappatrice,ING - CC,Shopping,expense,-14.90
2025-04-19,versamento xeon,Investimenti,Trasferimenti,income,1090.00
2025-04-19,spesa,Paypal,Spesa,income,8.00
2025-04-18,tagliando moto,ING - CC,Auto e Moto,expense,-130.00
2025-04-18,carta igienica,ING - CC,Spesa,expense,-3.58
2025-04-18,parrucchiere,Satispay,Salute,expense,-25.00
2025-04-18,caffè ,Satispay,Bar e Ristoranti,expense,-3.40
2025-04-18,icloud ,Paypal,Casa e Utenze,expense,-0.99
2025-04-17,versamento xeon,ING - CC,Trasferimenti,expense,-1090.00
2025-04-17,xxx,ING - CC,Shopping,expense,-12.99
2025-04-17,spesa,ING - CC,Spesa,expense,-8.62
2025-04-17,bar,Satispay,Bar e Ristoranti,expense,-2.40
2025-04-17,pizze deliveroo,Paypal,Bar e Ristoranti,expense,-32.09
2025-04-17,birra,Paypal,Bar e Ristoranti,expense,-5.00
2025-04-17,feltrinelli,Paypal,Shopping,expense,-6.20
2025-04-16,xxx,ING - CC,Shopping,expense,-14.95
2025-04-15,trasferimento,ING - CC,Trasferimenti,income,1090.00
2025-04-15,trasferimento ,ING - CC,Trasferimenti,income,300.00
2025-04-15,palestra personal trainer,ING - CC,Salute,expense,-300.00
2025-04-15,piselli,ING - CC,Spesa,expense,-4.69
2025-04-15,trasferimento ,Revolut,Trasferimenti,expense,-1090.00
2025-04-15,trasferimento ,Revolut,Trasferimenti,expense,-300.00
2025-04-15,fornaio,Satispay,Spesa,expense,-6.76
2025-04-15,caffè ,Satispay,Bar e Ristoranti,expense,-1.20
2025-04-14,bla bla car,Paypal,Viaggi e Trasporti,income,23.00
2025-04-13,benzina,ING - CC,Viaggi e Trasporti,expense,-40.99
2025-04-13,lavaggio,ING - CC,Auto e Moto,expense,-7.00
2025-04-13,Operazione presso Uniqlo Cordusio Milano,ING - Carta di Credito,Shopping,expense,-49.90
2025-04-12,birra,ING - CC,Bar e Ristoranti,expense,-7.74
2025-04-12,iliad,ING - CC,Casa e Utenze,expense,-9.99
2025-04-12,commissioni,ING - CC,Altro,expense,-0.04
2025-04-12,github copilot,Buddybank,Casa e Utenze,expense,-9.32
2025-04-11,pranzo,Buoni Pasto,Bar e Ristoranti,expense,-8.00
2025-04-11,backblaze,ING - CC,Casa e Utenze,expense,-1.88
2025-04-11,unipolmove,ING - CC,Viaggi e Trasporti,expense,-76.00
2025-04-11,pranzo,Satispay,Bar e Ristoranti,expense,-5.90
2025-04-10,pranzo,Buoni Pasto,Bar e Ristoranti,expense,-16.00
2025-04-10,bus,ING - CC,Viaggi e Trasporti,expense,-2.20
2025-04-10,magliette,ING - CC,Shopping,expense,-9.00
2025-04-10,ravio sarpi,ING - CC,Bar e Ristoranti,expense,-15.00
2025-04-10,prime,ING - CC,Casa e Utenze,expense,-4.99
2025-04-09,saldo carta di credito,ING - Carta di Credito,Trasferimenti,income,94.66
2025-04-09,saldo carta di credito,ING - CC,Trasferimenti,expense,-94.66
2025-04-09,mc,ING - CC,Bar e Ristoranti,expense,-10.70
2025-04-09,aws,ING - CC,Casa e Utenze,expense,-1.00
2025-04-09,bar,Satispay,Bar e Ristoranti,expense,-2.40
2025-04-07,ricarica buoni pasto,Buoni Pasto,Altre Entrate,income,160.00
2025-04-07,ricarica satispay,ING - CC,Trasferimenti,expense,-48.45
2025-04-07,ricarica satispay,Satispay,Trasferimenti,income,48.45
2025-04-07,caffè ,Satispay,Bar e Ristoranti,expense,-2.40
2025-04-06,spesa ,Buoni Pasto,Spesa,expense,-40.00
2025-04-06,colazione e pranzo baracchetta top,ING - CC,Bar e Ristoranti,expense,-42.50
2025-04-06,spesa psta fresca,Satispay,Spesa,expense,-4.60
2025-04-05,benza,ING - CC,Viaggi e Trasporti,expense,-16.14
2025-04-05,negroni,ING - CC,Bar e Ristoranti,expense,-7.00
2025-04-04,spesa,Buoni Pasto,Spesa,expense,-32.00
2025-04-04,risparmi,ING - CC,Trasferimenti,expense,-2300.00
2025-04-04,pac,ING - CC,Trasferimenti,expense,-470.00
2025-04-04,risparmi,Investimenti,Trasferimenti,income,2300.00
2025-04-04,pac,Investimenti,Trasferimenti,income,470.00
2025-04-04,Operazione presso AMZN Mktp IT*RN20O8614 800-279-6620,ING - Carta di Credito,Shopping,expense,-34.94
2025-04-03,macellaio ,ING - CC,Spesa,expense,-12.30
2025-04-03,carta igienica e scottex,ING - CC,Spesa,expense,-7.18
2025-04-03,bar,Satispay,Bar e Ristoranti,expense,-4.00
2025-04-03,contorni,Satispay,Spesa,expense,-3.80
2025-04-03,fornaio,Satispay,Bar e Ristoranti,expense,-4.00
2025-04-03,commissioni,Buddybank,Altro,expense,-0.02
2025-04-02,metro,ING - CC,Viaggi e Trasporti,expense,-6.60
2025-04-02,pranzo,ING - CC,Bar e Ristoranti,expense,-14.50
2025-04-02,bar,Satispay,Bar e Ristoranti,expense,-2.40
2025-04-02,aws,Buddybank,Casa e Utenze,expense,-0.92
2025-04-01,cena workshop,ING - CC,Bar e Ristoranti,expense,-21.50
2025-04-01,bar,Satispay,Bar e Ristoranti,expense,-2.40
2025-03-31,stipendio,ING - CC,Stipendio,income,1792.00
2025-03-31,trasferimento,ING - CC,Trasferimenti,expense,-400.00
2025-03-31,trasferimento,ING - CC,Trasferimenti,income,2000.00
2025-03-31,trasferimento,ING - CD,Trasferimenti,expense,-2000.00
2025-03-31,caffè,Satispay,Bar e Ristoranti,expense,-2.40
2025-03-31,macelleria,Satispay,Spesa,expense,-10.95
2025-03-31,trasferimento,Revolut,Trasferimenti,income,400.00
2025-03-31,commissioni,Buddybank,Altro,expense,-0.12
2025-03-31,openai,Buddybank,Casa e Utenze,expense,-6.80
2025-03-31,Rata mensile pagamento rateale,ING - Carta di Credito,Shopping,expense,-40.07
2025-03-31,Commissione mensile pagamento rateale,ING - Carta di Credito,Altro,expense,-0.60
2025-03-30,bla bla car,ING - CC,Viaggi e Trasporti,expense,-12.39
2025-03-30,frappe,Satispay,Bar e Ristoranti,expense,-3.00
2025-03-29,frappe,Satispay,Bar e Ristoranti,expense,-3.00
2025-03-29,spritz,Cash,Bar e Ristoranti,expense,-7.00
2025-03-28,bar,Satispay,Bar e Ristoranti,expense,-3.70
2025-03-28,bla bla car,Paypal,Viaggi e Trasporti,income,23.00
2025-03-28,prelievo,Cash,Trasferimenti,income,40.00
2025-03-28,garage,Cash,Auto e Moto,expense,-28.00
2025-03-28,prelievo,Buddybank,Trasferimenti,expense,-40.00
2025-03-28,google one,Paypal,Casa e Utenze,expense,-2.99
2025-03-27,pranzo,Buoni Pasto,Bar e Ristoranti,expense,-16.00
2025-03-27,trasferimento chiusura conto,Allianz,Trasferimenti,expense,-183.67
2025-03-27,trasferimento chiusura conto,ING - CC,Trasferimenti,income,183.67
2025-03-27,pranzo,ING - CC,Bar e Ristoranti,expense,-2.00
2025-03-27,benzina,ING - CC,Viaggi e Trasporti,expense,-50.39
2025-03-27,Operazione presso WWW.AMAZON.* RZ6EH7LU4 LUXEMBOURG,ING - Carta di Credito,Shopping,expense,-53.99
2025-03-26,metro,Revolut,Viaggi e Trasporti,expense,-2.20
2025-03-26,pac extra,Investimenti,Trasferimenti,income,300.00
2025-03-26,rata airpods,ING - CC,Shopping,expense,-35.99
2025-03-26,pranzo,ING - CC,Bar e Ristoranti,expense,-2.00
2025-03-26,pac extra,ING - CC,Trasferimenti,expense,-300.00
2025-03-26,pranzo,Buoni Pasto,Bar e Ristoranti,expense,-8.00
2025-03-25,tfl,Revolut,Viaggi e Trasporti,expense,-10.37
2025-03-25,costa coffee,Revolut,Bar e Ristoranti,expense,-17.66
2025-03-25,regalo papà,Revolut,Shopping,expense,-29.14
2025-03-25,fish and chips,Revolut,Bar e Ristoranti,expense,-39.50
2025-03-25,cafe nero,Revolut,Bar e Ristoranti,expense,-18.43
2025-03-25,lime,Buddybank,Viaggi e Trasporti,expense,-14.06
2025-03-24,tfl,Revolut,Viaggi e Trasporti,expense,-10.73
2025-03-24,costa coffee,Revolut,Bar e Ristoranti,expense,-5.81
2025-03-24,bici,Revolut,Viaggi e Trasporti,expense,-3.48
2025-03-24,regalo mamma,Revolut,Shopping,expense,-23.32
2025-03-24,tesco,Revolut,Spesa,expense,-1.52
2025-03-24,commissioni,Buddybank,Altro,expense,-4.19
2025-03-24,bla bla car,Paypal,Viaggi e Trasporti,income,12.00
2025-03-23,tfl,Revolut,Viaggi e Trasporti,expense,-10.37
2025-03-23,tfl,Revolut,Viaggi e Trasporti,expense,-3.38
2025-03-23,sticker e acqua,Revolut,Shopping,expense,-3.49
2025-03-23,cena brewmaster,Revolut,Bar e Ristoranti,expense,-52.12
2025-03-22,caffè succo,Satispay,Bar e Ristoranti,expense,-5.00
2025-03-22,hotel londra,Revolut,Svago e Intrattenimento,expense,-488.63
2025-03-22,boots,Revolut,Spesa,expense,-1.92
2025-03-22,uniqlo,Revolut,Shopping,expense,-40.59
2025-03-22,deliveroo,Revolut,Bar e Ristoranti,expense,-16.72
2025-03-22,tfl,ING - CC,Viaggi e Trasporti,expense,-3.47
2025-03-21,versamento,Cash,Trasferimenti,expense,-425.00
2025-03-21,versamento,Buddybank,Trasferimenti,income,425.00
2025-03-21,pranzo,Buddybank,Bar e Ristoranti,expense,-14.20
2025-03-21,trasferimento,Buddybank,Trasferimenti,expense,-239.55
2025-03-21,trasferimento,Revolut,Trasferimenti,income,239.55
2025-03-21,gondoni,Buddybank,Salute,expense,-9.90
2025-03-21,parcheggio,ING - CC,Viaggi e Trasporti,expense,-2.00
2025-03-20,bla bla car,Satispay,Viaggi e Trasporti,income,12.00
2025-03-20,bar,Satispay,Bar e Ristoranti,expense,-2.40
2025-03-20,regalo compleanno,Cash,Altre Entrate,income,400.00
2025-03-19,caffè,Satispay,Bar e Ristoranti,expense,-2.40
2025-03-18,pizze,Buddybank,Bar e Ristoranti,expense,-18.31
2025-03-18,birrette,Buddybank,Bar e Ristoranti,expense,-3.18
2025-03-18,pizze e birrette rimborso pa,Cash,Bar e Ristoranti,income,25.00
2025-03-18,icloud,ING - CC,Casa e Utenze,expense,-0.99
2025-03-17,ricarica satispay,Satispay,Trasferimenti,income,43.75
2025-03-17,bar,Satispay,Bar e Ristoranti,expense,-6.40
2025-03-17,cena farinata,Buddybank,Bar e Ristoranti,expense,-20.00
2025-03-17,ricarica satispay,ING - CC,Trasferimenti,expense,-43.75
2025-03-17,bla bla car,ING - CC,Viaggi e Trasporti,income,12.00
2025-03-16,multa,Buddybank,Altro,expense,-37.97
2025-03-15,caffè,Satispay,Bar e Ristoranti,expense,-2.40
2025-03-14,dentifricio,ING - CC,Spesa,expense,-6.19
2025-03-14,bla bla car,ING - CC,Viaggi e Trasporti,expense,-14.89
2025-03-14,pizza,ING - CC,Bar e Ristoranti,expense,-15.00
2025-03-14,unipolmove,ING - CC,Viaggi e Trasporti,expense,-195.40
2025-03-13,caffè ,Satispay,Bar e Ristoranti,expense,-2.40
2025-03-13,pranzo,ING - CC,Bar e Ristoranti,expense,-17.00
2025-03-13,iliad,ING - CC,Casa e Utenze,expense,-9.99
2025-03-12,github copilot,Buddybank,Casa e Utenze,expense,-9.63
2025-03-12,macellaio ,Allianz,Spesa,expense,-21.12
2025-03-12,burger,Buddybank,Bar e Ristoranti,expense,-3.30
2025-03-12,commissioni bancarie,Buddybank,Altro,expense,-0.11
2025-03-12,openai,Buddybank,Casa e Utenze,expense,-6.09
2025-03-12,prime,ING - CC,Casa e Utenze,expense,-4.99
2025-03-11,caffè ,Satispay,Bar e Ristoranti,expense,-3.70
2025-03-11,backblaze,ING - CC,Casa e Utenze,expense,-1.71
2025-03-11,tassi di cambio,ING - CC,Altro,expense,-0.03
2025-03-10,risparmi,Revolut,Trasferimenti,income,50.00
2025-03-10,metro,Buddybank,Viaggi e Trasporti,expense,-2.20
2025-03-10,libri,Revolut,Shopping,expense,-17.90
2025-03-10,metro,Buddybank,Viaggi e Trasporti,expense,-2.20
2025-03-10,risparmi,ING - CC,Trasferimenti,expense,-50.00
2025-03-10,pranzo,ING - CC,Bar e Ristoranti,expense,-2.00
2025-03-10,pranzo,Buoni Pasto,Bar e Ristoranti,expense,-8.00
2025-03-09,saldo carta di credito,ING - Carta di Credito,Trasferimenti,income,63.08
2025-03-09,saldo carta di credito,ING - CC,Trasferimenti,expense,-63.08
2025-03-09,pansotti,Satispay,Spesa,expense,-10.90
2025-03-09,gelato,Satispay,Bar e Ristoranti,expense,-3.00
2025-03-08,gelato,Satispay,Bar e Ristoranti,expense,-7.00
2025-03-08,cinese,Buddybank,Bar e Ristoranti,expense,-30.92
2025-03-07,dominio thetombrider.xyz,Buddybank,Shopping,expense,-7.80
2025-03-07,birre,Buddybank,Bar e Ristoranti,expense,-18.00
2025-03-07,benzina ,ING - CC,Viaggi e Trasporti,expense,-12.60
2025-03-07,spesa,Buoni Pasto,Spesa,expense,-32.00
2025-03-06,focaccia ,Satispay,Spesa,expense,-4.20
2025-03-06,rimborso bla bla car,Buddybank,Viaggi e Trasporti,income,10.00
2025-03-06,pranzo,ING - CC,Bar e Ristoranti,expense,-6.00
2025-03-06,metro,ING - CC,Viaggi e Trasporti,expense,-4.40
2025-03-06,cibiclette,ING - CC,Bar e Ristoranti,expense,-14.00
2025-03-06,pranzo,Buoni Pasto,Bar e Ristoranti,expense,-8.00
2025-03-05,caffè,Satispay,Bar e Ristoranti,expense,-2.40
2025-03-05,pranzo porto,Buddybank,Bar e Ristoranti,expense,-16.30
2025-03-04,pac,Investimenti,Trasferimenti,income,200.00
2025-03-04,xeon,Investimenti,Trasferimenti,income,170.00
2025-03-04,cursor,Revolut,Casa e Utenze,expense,-1.12
2025-03-04,bla bla car,Buddybank,Viaggi e Trasporti,expense,-12.39
2025-03-04,aws,Buddybank,Casa e Utenze,expense,-4.98
2025-03-04,pac,ING - CC,Trasferimenti,expense,-200.00
2025-03-04,xeon,ING - CC,Trasferimenti,expense,-170.00
2025-03-04,tag nfc x home automation,ING - CC,Shopping,expense,-11.99
2025-03-04,treno,Paypal,Viaggi e Trasporti,expense,-18.80
2025-03-03,bar,Satispay,Bar e Ristoranti,expense,-3.70
2025-03-03,pollo mercato,ING - CC,Spesa,expense,-33.47
2025-03-03,ricarica buoni pasto,Buoni Pasto,Altre Entrate,income,152.00
2025-03-02,commissioni,Buddybank,Altro,expense,-0.09
2025-03-02,spesa ,Buoni Pasto,Spesa,expense,-16.00
2025-03-01,parrucchiere,ING - CC,Salute,expense,-25.00
2025-03-01,spesa,ING - CC,Spesa,expense,-7.61
2025-03-01,lampadina e presa smart tapo,ING - CC,Shopping,expense,-21.98
2025-03-01,mc,ING - CC,Bar e Ristoranti,expense,-6.65
2025-03-01,ape,ING - CC,Bar e Ristoranti,expense,-17.00
2025-02-28,trasferimento,Revolut,Trasferimenti,income,500.00
2025-02-28,panettiere ,Satispay,Spesa,expense,-2.85
2025-02-28,stipendio,ING - CC,Stipendio,income,1814.00
2025-02-28,pranzo,ING - CC,Bar e Ristoranti,expense,-4.00
2025-02-28,pizza,ING - CC,Bar e Ristoranti,expense,-15.00
2025-02-28,trasferimento,ING - CC,Trasferimenti,expense,-500.00
2025-02-28,metro,ING - CC,Viaggi e Trasporti,expense,-4.40
2025-02-28,google one,Paypal,Casa e Utenze,expense,-2.99
2025-02-28,pranzo,Buoni Pasto,Bar e Ristoranti,expense,-8.00
2025-02-28,Rata mensile pagamento rateale,ING - Carta di Credito,Shopping,expense,-40.07
2025-02-28,Commissione mensile pagamento rateale,ING - Carta di Credito,Altro,expense,-0.60
2025-02-27,bla bla car,Paypal,Viaggi e Trasporti,income,24.00
2025-02-26,caffè,Satispay,Bar e Ristoranti,expense,-1.20
2025-02-26,benzina,ING - CC,Viaggi e Trasporti,expense,-31.07
2025-02-26,esselunga,ING - CC,Spesa,expense,-3.86
2025-02-25,bla bla car,Buddybank,Viaggi e Trasporti,expense,-14.89
2025-02-25,bla bla car,Buddybank,Viaggi e Trasporti,expense,-2.68
2025-02-25,mc,ING - CC,Bar e Ristoranti,expense,-3.10
2025-02-25,treno sv mi,Paypal,Viaggi e Trasporti,expense,-18.80
2025-02-24,ricarica satispay,Satispay,Trasferimenti,income,44.60
2025-02-24,rata airpods,ING - CC,Shopping,expense,-36.00
2025-02-24,ricarica satispay,ING - CC,Trasferimenti,expense,-44.60
2025-02-23,pranzo piste,ING - CC,Bar e Ristoranti,expense,-25.00
2025-02-23,pizze,ING - CC,Bar e Ristoranti,expense,-15.00
2025-02-23,bla bla car,Paypal,Viaggi e Trasporti,income,10.00
2025-02-22,benzina,ING - CC,Viaggi e Trasporti,expense,-51.65
2025-02-22,sati,ING - CC,Altre Entrate,income,0.29
2025-02-22,sati,ING - CC,Altre Entrate,income,0.14
2025-02-21,caffè ,Satispay,Bar e Ristoranti,expense,-1.20
2025-02-21,benzina,ING - CC,Viaggi e Trasporti,expense,-40.41
2025-02-21,pranzo,ING - CC,Bar e Ristoranti,expense,-5.90
2025-02-21,cena bardo,ING - CC,Bar e Ristoranti,expense,-60.00
2025-02-21,pranzo,Buoni Pasto,Bar e Ristoranti,expense,-8.00
2025-02-20,caffè,Satispay,Bar e Ristoranti,expense,-2.40
2025-02-20,panetteria,ING - CC,Spesa,expense,-6.50
2025-02-20,birra,ING - CC,Bar e Ristoranti,expense,-6.00
2025-02-20,Rimborso da WWW.AMAZON.* TK01C54H4 LUXEMBOURG,ING - Carta di Credito,Shopping,income,33.99
2025-02-18,rimborso airpods,Buddybank,Shopping,income,199.00
2025-02-18,bar,Satispay,Bar e Ristoranti,expense,-3.70
2025-02-18,icloud+,Paypal,Casa e Utenze,expense,-0.99
2025-02-17,referral fee revolut,Revolut,Altre Entrate,income,30.00
2025-02-17,cacciaviti di precisione x pc,Revolut,Shopping,expense,-11.99
2025-02-16,pizze,Buddybank,Bar e Ristoranti,expense,-26.79
2025-02-16,cursor,Revolut,Casa e Utenze,expense,-19.33
2025-02-16,github copilot,Buddybank,Casa e Utenze,expense,-8.55
2025-02-15,cinema,Buddybank,Svago e Intrattenimento,expense,-20.00
2025-02-15,acqua,Cash,Bar e Ristoranti,expense,-1.20
2025-02-15,esselunga,Buddybank,Spesa,expense,-5.72
2025-02-15,cena club nautico,ING - CC,Bar e Ristoranti,expense,-74.00
2025-02-15,libro,ING - CC,Shopping,expense,-14.70
2025-02-15,spesa,Buoni Pasto,Spesa,expense,-16.00
2025-02-13,bar,Satispay,Bar e Ristoranti,expense,-3.70
2025-02-13,pescheria ,ING - CC,Spesa,expense,-11.69
2025-02-13,macellaio,ING - CC,Spesa,expense,-18.90
2025-02-13,birra,ING - CC,Bar e Ristoranti,expense,-7.00
2025-02-12,iliad,Buddybank,Casa e Utenze,expense,-9.99
2025-02-12,cursor,Revolut,Casa e Utenze,expense,-19.82
2025-02-12,commissioni,Buddybank,Altro,expense,-0.03
2025-02-12,bla bla car,Paypal,Viaggi e Trasporti,income,12.00
2025-02-11,backblaze,Buddybank,Casa e Utenze,expense,-1.98
2025-02-11,prelievo,Cash,Trasferimenti,income,20.00
2025-02-11,parcheggio,Cash,Viaggi e Trasporti,expense,-4.00
2025-02-11,benzina,Cash,Viaggi e Trasporti,expense,-15.00
2025-02-11,prelievo,ING - CC,Trasferimenti,expense,-20.00
2025-02-11,pranzo,Buoni Pasto,Bar e Ristoranti,expense,-16.00
2025-02-10,amazon prime,Revolut,Casa e Utenze,expense,-4.99
2025-02-10,bla bla car,Paypal,Viaggi e Trasporti,income,10.00
2025-02-09,caffè,Satispay,Bar e Ristoranti,expense,-6.10
2025-02-08,benzina,ING - CC,Viaggi e Trasporti,expense,-53.01
2025-02-07,caffè ,Satispay,Bar e Ristoranti,expense,-1.20
2025-02-07,benzina,ING - CC,Viaggi e Trasporti,expense,-50.61
2025-02-07,pranzo,ING - CC,Bar e Ristoranti,expense,-2.00
2025-02-07,pranzo,Buoni Pasto,Bar e Ristoranti,expense,-8.00
2025-02-06,bar,Satispay,Bar e Ristoranti,expense,-2.40
2025-02-06,macellaio,Satispay,Spesa,expense,-15.40
2025-02-06,spesa,ING - CC,Spesa,expense,-10.19
2025-02-06,spesa,ING - CC,Spesa,expense,-2.80
2025-02-06,Operazione presso WWW.AMAZON.* TK01C54H4 LUXEMBOURG,ING - Carta di Credito,Shopping,expense,-56.40
2025-02-05,caffè bar,Satispay,Bar e Ristoranti,expense,-3.70
2025-02-05,ricarica satispay,ING - CC,Trasferimenti,expense,-43.10
2025-02-05,pranzo porto,ING - CC,Bar e Ristoranti,expense,-19.30
2025-02-04,custodia airpods,Revolut,Shopping,expense,-15.99
2025-02-04,trasferimento pt,Revolut,Trasferimenti,income,300.00
2025-02-04,trasferimento pt,ING - CC,Trasferimenti,expense,-300.00
2025-02-03,pac,Investimenti,Trasferimenti,income,370.00
2025-02-03,trasferimento,Buddybank,Trasferimenti,income,52.39
2025-02-03,spesa,Cash,Spesa,income,2.00
2025-02-03,commissioni,Buddybank,Altro,expense,-0.07
2025-02-03,ricarica satispay,Satispay,Trasferimenti,income,43.10
2025-02-03,caffè,Satispay,Bar e Ristoranti,expense,-2.40
2025-02-03,pac,ING - CC,Trasferimenti,expense,-170.00
2025-02-03,pac,ING - CC,Trasferimenti,expense,-200.00
2025-02-03,bla bla car,Paypal,Viaggi e Trasporti,income,24.00
2025-02-03,trasferimento,Paypal,Trasferimenti,expense,-52.39
2025-02-03,spesa,Buoni Pasto,Spesa,expense,-32.00
2025-02-02,aws,Buddybank,Casa e Utenze,expense,-4.04
2025-02-02,rata airpods 4,Buddybank,Shopping,expense,-36.00
2025-02-02,metro milano,ING - CC,Viaggi e Trasporti,expense,-4.40
2025-02-02,pranzo vaze,Paypal,Bar e Ristoranti,expense,-10.00
2025-02-01,colazione bar,Satispay,Bar e Ristoranti,expense,-10.40
2025-02-01,pastificio savona,Satispay,Spesa,expense,-3.00
2025-02-01,birre,ING - CC,Bar e Ristoranti,expense,-12.00
2025-02-01,cena fronte del porto,ING - CC,Bar e Ristoranti,expense,-11.50
2025-02-01,ricarica buoni pasto,Buoni Pasto,Altre Entrate,income,112.00
2025-01-31,trasferimento,Revolut,Trasferimenti,income,150.00
2025-01-31,pranzo,Buddybank,Bar e Ristoranti,expense,-2.00
2025-01-31,stipendio,ING - CC,Stipendio,income,1799.00
2025-01-31,commissione tasso di cambio,ING - CC,Altro,expense,-0.12
2025-01-31,trasferimento,ING - CC,Trasferimenti,expense,-150.00
2025-01-31,mc,ING - CC,Bar e Ristoranti,expense,-9.55
2025-01-31,bla bla car,Paypal,Viaggi e Trasporti,income,24.00
2025-01-31,pranzo,Buoni Pasto,Bar e Ristoranti,expense,-8.00
2025-01-30,pranzo,ING - CC,Bar e Ristoranti,expense,-20.18
2025-01-29,pranzo,Buddybank,Bar e Ristoranti,expense,-11.00
2025-01-29,bar colaz,Satispay,Bar e Ristoranti,expense,-2.40
2025-01-29,benzina,ING - CC,Viaggi e Trasporti,expense,-28.20
2025-01-28,bla bla car,Buddybank,Viaggi e Trasporti,income,12.00
2025-01-28,cursor,Revolut,Casa e Utenze,expense,-19.26
2025-01-28,burger,Satispay,Bar e Ristoranti,expense,-2.80
2025-01-28,palestra,ING - CC,Svago e Intrattenimento,expense,-79.60
2025-01-27,anthropic,ING - CC,Casa e Utenze,expense,-5.86
2025-01-27,google one,Paypal,Casa e Utenze,expense,-2.99
2025-01-27,spesa,Buoni Pasto,Spesa,expense,-24.00
2025-01-26,felpa,Buddybank,Shopping,expense,-39.95
2025-01-26,bollino residenti,Satispay,Auto e Moto,expense,-6.00
2025-01-26,pranzo alassio,ING - CC,Bar e Ristoranti,expense,-42.00
2025-01-25,birra,Buddybank,Bar e Ristoranti,expense,-5.00
2025-01-25,pizza,Buddybank,Bar e Ristoranti,expense,-30.00
2025-01-24,bar,Satispay,Bar e Ristoranti,expense,-4.90
2025-01-24,benzina,ING - CC,Viaggi e Trasporti,expense,-47.70
2025-01-24,hamericas,ING - CC,Bar e Ristoranti,expense,-20.83
2025-01-23,kfc,Satispay,Bar e Ristoranti,expense,-1.50
2025-01-22,pranzo,Buddybank,Bar e Ristoranti,expense,-3.30
2025-01-22,ape,ING - CC,Bar e Ristoranti,expense,-14.50
2025-01-22,pranzo,Buoni Pasto,Bar e Ristoranti,expense,-8.00
2025-01-21,benzina,Buddybank,Viaggi e Trasporti,expense,-50.27
2025-01-21,pranzo,ING - CC,Bar e Ristoranti,expense,-5.00
2025-01-21,parcheggio,ING - CC,Viaggi e Trasporti,expense,-2.00
2025-01-21,pranzo,Buoni Pasto,Bar e Ristoranti,expense,-8.00
2025-01-20,trasferimento,Buddybank,Trasferimenti,expense,-300.00
2025-01-20,trasferimento,ING - CC,Trasferimenti,income,300.00
2025-01-20,casa del formaggio,Buoni Pasto,Spesa,expense,-16.00
2025-01-19,packing cubes,Buddybank,Shopping,expense,-34.99
2025-01-19,natta,Buoni Pasto,Spesa,expense,-16.00
2025-01-18,pizza,Buddybank,Bar e Ristoranti,expense,-12.08
2025-01-18,colazione bar,Satispay,Bar e Ristoranti,expense,-6.20
2025-01-18,natta,Buoni Pasto,Spesa,expense,-8.00
2025-01-16,mc,Buddybank,Bar e Ristoranti,expense,-10.15
2025-01-16,unipolmove,ING - CC,Viaggi e Trasporti,expense,-102.20
2025-01-15,caffè focaccia,Buddybank,Bar e Ristoranti,expense,-3.70
2025-01-15,bla bla car,Buddybank,Viaggi e Trasporti,income,12.00
2025-01-15,trasferimento,Revolut,Trasferimenti,expense,-40.01
2025-01-15,bar,Satispay,Bar e Ristoranti,expense,-3.70
2025-01-15,trasferimento,ING - CC,Trasferimenti,income,40.01
2025-01-14,organizer cavi,Buddybank,Shopping,expense,-21.99
2025-01-14,comp,Cash,Altro,income,0.15
2025-01-14,gastronomia,Buoni Pasto,Spesa,expense,-32.00
2025-01-13,quota associativa savona startup 2025,Buddybank,Altro,expense,-10.00
2025-01-13,bla bla car,Buddybank,Viaggi e Trasporti,income,24.00
2025-01-13,pranzo,Buddybank,Bar e Ristoranti,expense,-6.40
2025-01-13,benza vespa,Buddybank,Viaggi e Trasporti,expense,-11.10
2025-01-13,bla bla car,Paypal,Viaggi e Trasporti,income,10.00
2025-01-13,pranzo,Buoni Pasto,Bar e Ristoranti,expense,-8.00
2025-01-12,iliad,Buddybank,Casa e Utenze,expense,-9.99
2025-01-12,birre,Buddybank,Bar e Ristoranti,expense,-12.00
2025-01-12,trasferimento,ING - CD,Trasferimenti,expense,-45.70
2025-01-12,trasferimento,ING - CC,Trasferimenti,income,45.70
2025-01-11,brunch,Buddybank,Bar e Ristoranti,expense,-50.00
2025-01-11,backblaze,Buddybank,Casa e Utenze,expense,-1.90
2025-01-11,bar ikea,Buddybank,Bar e Ristoranti,expense,-5.20
2025-01-11,borsone patagonia,Buddybank,Shopping,expense,-24.98
2025-01-11,cinema,Buddybank,Svago e Intrattenimento,expense,-23.00
2025-01-11,acqua,Cash,Bar e Ristoranti,expense,-2.60
2025-01-10,trasferimento,Buddybank,Trasferimenti,expense,-50.00
2025-01-10,trasferimento,Buddybank,Trasferimenti,income,1.00
2025-01-10,benzina,Buddybank,Viaggi e Trasporti,expense,-29.34
2025-01-10,pranzo,Buddybank,Bar e Ristoranti,expense,-5.50
2025-01-10,trasferimento,ING - CC,Trasferimenti,income,50.00
2025-01-10,trasferimento,ING - CC,Trasferimenti,expense,-1.00
2025-01-10,pranzo,Buoni Pasto,Bar e Ristoranti,expense,-8.00
2025-01-09,macellaio,Cash,Spesa,expense,-5.50
2025-01-09,focaccia,Cash,Spesa,expense,-2.00
2025-01-09,lettiera gatto,Buddybank,Spesa,expense,-3.99
2025-01-09,avvio cc arancio,Buddybank,Trasferimenti,expense,-1.00
2025-01-09,chiusura n26,Revolut,Trasferimenti,income,746.07
2025-01-09,caffè,Satispay,Bar e Ristoranti,expense,-1.20
2025-01-09,imposta di bollo CD,ING - CD,Altro,expense,-9.50
2025-01-09,avvio cc arancio,ING - CC,Trasferimenti,income,1.00
2025-01-08,chiusura n26,N26,Trasferimenti,expense,-746.07
2025-01-07,bar,Cash,Bar e Ristoranti,expense,-2.20
2025-01-07,spesa,Cash,Spesa,expense,-1.80
2025-01-07,erogazione liberale savona startup,Satispay,Altro,expense,-1.00
2025-01-07,spesa,Buoni Pasto,Spesa,expense,-8.00
2025-01-06,aws,Buddybank,Casa e Utenze,expense,-4.16
2025-01-06,ricarica satispay,Buddybank,Trasferimenti,expense,-42.28
2025-01-06,ape,Cash,Bar e Ristoranti,expense,-5.00
2025-01-06,ricarica satispay,Satispay,Trasferimenti,income,42.28
2025-01-03,skipass,Buddybank,Svago e Intrattenimento,expense,-55.00
2025-01-03,cinema,Buddybank,Svago e Intrattenimento,expense,-42.50
2025-01-03,cinema,Cash,Svago e Intrattenimento,income,20.00
2025-01-02,spesa,Buddybank,Spesa,expense,-23.28
2025-01-02,spesa,Buoni Pasto,Spesa,expense,-24.00
2025-01-01,mc,Buddybank,Bar e Ristoranti,expense,-15.35
2025-01-01,bar,Satispay,Bar e Ristoranti,expense,-2.40
2025-01-01,ricarica buoni pasto,Buoni Pasto,Altre Entrate,income,168.00